scenario,time,subregion,1990,2005,2010,2015,2020,2025,2030,2035,2040,2045,2050,2055,2060,2065,2070,2075,2080,2085,2090,2095,2100,Units
Reference,date=2022-10-4T03:04:51-04:00,ArkWhtRedR,8.26209,10.15786,10.66478,11.29214,11.87491,11.98567,11.89863,11.85411,12.04353,12.50139,12.82416,12.8514,12.65435,12.45303,12.11642,11.8464,11.66926,11.52553,11.39103,11.24429,11.09486,thous km2
Reference,date=2022-10-4T03:04:51-04:00,California,0.725467,0.89193,0.9364406,0.9915274,1.1188037,1.1866428,1.2398894,1.1960238,1.1743713,1.1855315,1.1849307,1.190081,1.1737197,1.1579157,1.1287513,1.1074268,1.0953693,1.0864711,1.0769411,1.0640157,1.0494865,thous km2
Reference,date=2022-10-4T03:04:51-04:00,GreatBasin,0.0582612,0.086233,0.0905362,0.095862,0.1128699,0.1237227,0.1334818,0.1321982,0.1324263,0.1364935,0.1387822,0.1413706,0.1408762,0.1401112,0.1372229,0.1350133,0.1336703,0.1324169,0.1308242,0.1286569,0.126068,thous km2
Reference,date=2022-10-4T03:04:51-04:00,GreatLakes,16.970334,20.864206,21.716742,21.549874,22.386786,22.435779,22.260855,22.227287,22.536487,23.199935,23.635835,23.590817,23.280974,22.975328,22.520989,22.197659,22.041781,21.969936,21.908977,21.829678,21.736109,thous km2
Reference,date=2022-10-4T03:04:51-04:00,MissouriR,56.33412,69.26024,72.71642,76.99408,81.39585,82.75449,83.33134,83.96114,85.58633,88.73684,90.92074,91.53059,90.82192,89.99931,88.37387,87.15758,86.54173,86.19373,85.75038,85.12825,84.35265,thous km2
Reference,date=2022-10-4T03:04:51-04:00,MissppRN,73.670802,83.017374,79.43593,77.768646,81.663287,82.561285,82.940399,83.923046,85.89172,88.587416,90.262962,90.330395,89.651709,88.803945,87.573718,86.672398,86.22732,85.988297,85.729686,85.370944,84.908016,thous km2
Reference,date=2022-10-4T03:04:51-04:00,MissppRS,24.1677,29.7131,31.19594,32.09918,32.86921,32.64431,32.1437,31.82121,31.91993,32.50801,32.92678,32.80311,32.3481,31.92185,31.30147,30.8405,30.58905,30.44196,30.32033,30.18215,30.03682,thous km2
Reference,date=2022-10-4T03:04:51-04:00,NelsonR,14.6189948,17.973406,18.8703212,19.3427826,19.8539262,19.6477174,19.1918507,18.5534694,18.3447195,18.4406989,18.4211978,18.2851169,17.9686276,17.680764,17.2857323,16.981723,16.7803396,16.6284198,16.527465,16.4356488,16.3670358,thous km2
Reference,date=2022-10-4T03:04:51-04:00,OhioR,35.434456,43.565164,45.739166,45.815666,47.700991,47.938188,47.767267,47.986159,48.857443,50.33515,51.27361,51.178097,50.593075,49.975021,49.090086,48.434374,48.08295,47.869775,47.672649,47.435564,47.163942,thous km2
Reference,date=2022-10-4T03:04:51-04:00,RioGrande,0.02760002,0.033933,0.0356262,0.037722,0.03941702,0.0394766,0.03911113,0.0380879,0.03757658,0.03814596,0.03822311,0.03899594,0.03884444,0.03858209,0.03770477,0.03698789,0.0365575,0.03618523,0.03567508,0.03501546,0.03423996,thous km2
Reference,date=2022-10-4T03:04:51-04:00,TennR,1.43909044,1.7692992,1.8575908,1.9668658,2.10066439,2.15443628,2.18027907,2.22876215,2.3038662,2.43475626,2.53668894,2.55483103,2.52438002,2.49187946,2.42953646,2.38172572,2.35520027,2.33635738,2.31362817,2.28497574,2.25150692,thous km2
Reference,date=2022-10-4T03:04:51-04:00,TexasCst,1.25019,1.537052,1.613756,1.708686,1.773165,1.756806,1.708753,1.65097,1.640208,1.66543,1.670719,1.671664,1.642258,1.61167,1.563107,1.522978,1.494406,1.468638,1.445319,1.42105,1.397353,thous km2
Reference,date=2022-10-4T03:04:51-04:00,UsaColoRN,0.0244084,0.03000918,0.0315068,0.03335998,0.03885672,0.04215611,0.04503671,0.04436383,0.04420432,0.04532098,0.04588032,0.04653458,0.04620106,0.04580845,0.04475761,0.04396296,0.04348059,0.04304833,0.04253455,0.04185587,0.04105635,thous km2
Reference,date=2022-10-4T03:04:51-04:00,UsaColoRS,0.002940221,0.0054634,0.0057362,0.0060734,0.007226559,0.007967602,0.008658352,0.008636551,0.008708037,0.009036554,0.009249648,0.009432895,0.009401647,0.009348184,0.009146909,0.008989623,0.008890483,0.008794917,0.00867397,0.008512199,0.00832031,thous km2
Reference,date=2022-10-4T03:04:51-04:00,UsaCstE,5.3505384,6.578246,6.90651,7.312794,7.580535,7.576779,7.481241,7.44263,7.5305257,7.7715862,7.9357014,7.9153986,7.7884978,7.6683654,7.4873671,7.3577297,7.2928984,7.2595959,7.2306114,7.1951683,7.1553471,thous km2
Reference,date=2022-10-4T03:04:51-04:00,UsaCstNE,0.01531092,0.01882398,0.0197634,0.020926,0.022074716,0.021745722,0.021200977,0.020519159,0.020214401,0.020480708,0.020521253,0.020423018,0.020017675,0.019659426,0.019117183,0.018738353,0.018516861,0.018347757,0.018211084,0.018047921,0.01787287,thous km2
Reference,date=2022-10-4T03:04:51-04:00,UsaCstSE,13.725316,16.874658,17.71675,18.75895,19.630808,19.736995,19.613586,19.571916,19.818469,20.505632,20.988147,21.037061,20.743491,20.453545,19.956905,19.585021,19.381638,19.24644,19.101914,18.922912,18.718055,thous km2
Reference,date=2022-10-4T03:04:51-04:00,UsaPacNW,0.1821222,0.2239114,0.2350854,0.2489144,0.2779241,0.285125,0.2890863,0.277805,0.2718563,0.2733202,0.2719276,0.2718995,0.2676949,0.2638666,0.2573779,0.252742,0.2496768,0.2469165,0.2446565,0.2419325,0.2390364,thous km2
SSP1,date=2022-10-4T03:04:52-04:00,ArkWhtRedR,8.26209,10.15786,10.66478,11.29214,12.05284,12.22768,12.18169,12.19193,12.42106,12.89139,13.19637,13.16106,12.90602,12.64098,12.23137,11.9164,11.71329,11.52417,11.29084,10.98852,10.63222,thous km2
SSP1,date=2022-10-4T03:04:52-04:00,California,0.725467,0.89193,0.9364406,0.9915274,1.1367762,1.214082,1.2757657,1.2385053,1.2214204,1.2351475,1.2345067,1.2372352,1.2176698,1.1976378,1.1626647,1.1377868,1.1238001,1.1117109,1.0939535,1.0686808,1.0371691,thous km2
SSP1,date=2022-10-4T03:04:52-04:00,GreatBasin,0.0582612,0.086233,0.0905362,0.095862,0.114604,0.1262825,0.1366837,0.1359162,0.1362806,0.1401208,0.1417491,0.1431507,0.1413356,0.1390775,0.1345915,0.1310617,0.1285495,0.125959,0.1226499,0.118278,0.1130582,thous km2
SSP1,date=2022-10-4T03:04:52-04:00,GreatLakes,16.970334,20.864206,21.716742,21.549874,22.586217,22.711123,22.599174,22.633121,22.998163,23.698063,24.170576,24.166029,23.901996,23.63036,23.206559,22.949007,22.897782,22.898497,22.854137,22.722695,22.510565,thous km2
SSP1,date=2022-10-4T03:04:52-04:00,MissouriR,56.33412,69.26024,72.71642,76.99408,82.22716,83.8476,84.60277,85.45285,87.18204,90.25577,92.25893,92.57881,91.57339,90.36404,88.33721,86.85374,86.12544,85.46592,84.48378,83.04049,81.16893,thous km2
SSP1,date=2022-10-4T03:04:52-04:00,MissppRN,73.670802,83.017374,79.43593,77.768646,82.061013,82.997985,83.389878,84.356986,86.226276,88.713665,90.207122,90.138272,89.361711,88.386081,87.030526,86.088912,85.703589,85.411623,84.942627,84.197721,83.176488,thous km2
SSP1,date=2022-10-4T03:04:52-04:00,MissppRS,24.1677,29.7131,31.19594,32.09918,33.22041,33.16936,32.82007,32.66908,32.92975,33.63207,34.13476,34.06597,33.66756,33.27896,32.68111,32.28489,32.13586,32.05211,31.91185,31.66381,31.3221,thous km2
SSP1,date=2022-10-4T03:04:52-04:00,NelsonR,14.6189948,17.973406,18.8703212,19.3427826,20.0415981,19.8978411,19.4888235,18.8962538,18.72842,18.8470139,18.8415179,18.7202729,18.4401665,18.196097,17.832808,17.598279,17.4848761,17.4234403,17.3573165,17.2399212,17.0946671,thous km2
SSP1,date=2022-10-4T03:04:52-04:00,OhioR,35.434456,43.565164,45.739166,45.815666,48.075546,48.44305,48.384084,48.724487,49.680753,51.187149,52.143206,52.047641,51.47898,50.855197,49.955693,49.343715,49.094123,48.921185,48.647997,48.201363,47.590027,thous km2
SSP1,date=2022-10-4T03:04:52-04:00,RioGrande,0.02760002,0.033933,0.0356262,0.037722,0.04012512,0.04045325,0.04025174,0.03943479,0.03900948,0.0395379,0.03941066,0.03977218,0.03914384,0.03832839,0.03689422,0.03570167,0.03487276,0.03399582,0.03287845,0.03149239,0.02989108,thous km2
SSP1,date=2022-10-4T03:04:52-04:00,TennR,1.43909044,1.7692992,1.8575908,1.9668658,2.1355591,2.20600083,2.24563691,2.31256866,2.4025452,2.54376858,2.64914211,2.6575918,2.61435358,2.56521375,2.48435529,2.42232668,2.38619878,2.35128617,2.30394566,2.24047668,2.16253058,thous km2
SSP1,date=2022-10-4T03:04:52-04:00,TexasCst,1.25019,1.537052,1.613756,1.708686,1.802473,1.795329,1.751572,1.699201,1.691483,1.715421,1.714524,1.703403,1.663459,1.622503,1.562167,1.514096,1.479203,1.445894,1.407218,1.360046,1.30703,thous km2
SSP1,date=2022-10-4T03:04:52-04:00,UsaColoRN,0.0244084,0.03000918,0.0315068,0.03335998,0.03953529,0.04320368,0.04641237,0.04602831,0.04603691,0.04722265,0.04770166,0.04807835,0.04740506,0.04661471,0.04510627,0.04394276,0.04313753,0.04231851,0.04126109,0.03984535,0.03813771,thous km2
SSP1,date=2022-10-4T03:04:52-04:00,UsaColoRS,0.002940221,0.0054634,0.0057362,0.0060734,0.007350401,0.008158468,0.008908326,0.008939346,0.009037229,0.009366033,0.009541433,0.009634833,0.009499861,0.009328722,0.009001118,0.008736765,0.008540853,0.008337981,0.008084788,0.007760868,0.007381876,thous km2
SSP1,date=2022-10-4T03:04:52-04:00,UsaCstE,5.3505384,6.578246,6.90651,7.312794,7.669002,7.702713,7.638061,7.634486,7.7535368,8.020484,8.2078075,8.2061028,8.0971233,7.9898108,7.8179751,7.7114033,7.6845523,7.6771687,7.6512101,7.5898481,7.4960464,thous km2
SSP1,date=2022-10-4T03:04:52-04:00,UsaCstNE,0.01531092,0.01882398,0.0197634,0.020926,0.022479431,0.022351028,0.021976717,0.021471572,0.021317776,0.021731918,0.021886897,0.021859474,0.021510941,0.021207382,0.020678804,0.02035909,0.020214027,0.020130632,0.020008928,0.019763449,0.019414513,thous km2
SSP1,date=2022-10-4T03:04:52-04:00,UsaCstSE,13.725316,16.874658,17.71675,18.75895,19.946828,20.209512,20.218629,20.338221,20.723202,21.519058,22.065292,22.094803,21.762113,21.408899,20.82971,20.410756,20.196628,20.00889,19.740015,19.351939,18.856394,thous km2
SSP1,date=2022-10-4T03:04:52-04:00,UsaPacNW,0.1821222,0.2239114,0.2350854,0.2489144,0.2824573,0.2918381,0.2976887,0.287974,0.2831476,0.2854663,0.2844403,0.284386,0.2801716,0.2763963,0.2693987,0.2648419,0.2618734,0.2595006,0.2566357,0.2520326,0.2461063,thous km2
SSP2,date=2022-10-4T03:04:52-04:00,ArkWhtRedR,8.26209,10.15786,10.66478,11.29214,12.10606,12.26172,12.13465,12.05003,12.22437,12.67108,12.98425,13.0036,12.80263,12.57561,12.22467,11.95067,11.76423,11.63055,11.51089,11.3802,11.24986,thous km2
SSP2,date=2022-10-4T03:04:52-04:00,California,0.725467,0.89193,0.9364406,0.9915274,1.1406531,1.2150683,1.266657,1.2180149,1.194146,1.2037867,1.2020694,1.2069847,1.191029,1.1741788,1.1437595,1.1213857,1.1083302,1.0996312,1.0899496,1.0780064,1.0639231,thous km2
SSP2,date=2022-10-4T03:04:52-04:00,GreatBasin,0.0582612,0.086233,0.0905362,0.095862,0.1153032,0.127078,0.1368429,0.1351511,0.1352131,0.1392007,0.1414604,0.1441285,0.1437892,0.1429464,0.1398668,0.1374598,0.135994,0.1346998,0.1331352,0.1310331,0.1284712,thous km2
SSP2,date=2022-10-4T03:04:52-04:00,GreatLakes,16.970334,20.864206,21.716742,21.549874,22.615423,22.687693,22.458407,22.367246,22.648767,23.285227,23.705773,23.655826,23.351027,23.030332,22.570652,22.248155,22.108146,22.0508,22.008825,21.94962,21.877803,thous km2
SSP2,date=2022-10-4T03:04:52-04:00,MissouriR,56.33412,69.26024,72.71642,76.99408,82.51608,84.07904,84.4791,84.90741,86.43937,89.51032,91.66024,92.27186,91.60753,90.713,89.04333,87.80191,87.29564,86.98251,86.59516,86.03307,85.31366,thous km2
SSP2,date=2022-10-4T03:04:52-04:00,MissppRN,73.670802,83.017374,79.43593,77.768646,82.246943,83.173921,83.403066,84.211633,86.076796,88.664606,90.291645,90.357322,89.711578,88.831241,87.598721,86.71902,86.361551,86.181281,85.986965,85.689082,85.285921,thous km2
SSP2,date=2022-10-4T03:04:52-04:00,MissppRS,24.1677,29.7131,31.19594,32.09918,33.23468,33.07103,32.50191,32.10987,32.17425,32.73672,33.1381,33.00518,32.55307,32.10371,31.47161,31.00697,30.76283,30.63078,30.53222,30.41902,30.30057,thous km2
SSP2,date=2022-10-4T03:04:52-04:00,NelsonR,14.6189948,17.973406,18.8703212,19.3427826,20.0628372,19.8638998,19.3480127,18.6500226,18.4109917,18.4808817,18.4365738,18.2860929,17.9609371,17.6497127,17.2446325,16.940425,16.7088332,16.5772801,16.5011384,16.434537,16.3992901,thous km2
SSP2,date=2022-10-4T03:04:52-04:00,OhioR,35.434456,43.565164,45.739166,45.815666,48.156449,48.445339,48.175002,48.287042,49.104619,50.528236,51.436654,51.333184,50.759807,50.112804,49.218933,48.570168,48.246569,48.065578,47.907972,47.71131,47.482229,thous km2
SSP2,date=2022-10-4T03:04:52-04:00,RioGrande,0.02760002,0.033933,0.0356262,0.037722,0.04041122,0.04074943,0.04029492,0.03914915,0.03859621,0.03915836,0.03924171,0.04005671,0.03994847,0.03963548,0.03869685,0.03793523,0.03754606,0.03715631,0.03664278,0.03598589,0.03519843,thous km2
SSP2,date=2022-10-4T03:04:52-04:00,TennR,1.43909044,1.7692992,1.8575908,1.9668658,2.14433783,2.2100232,2.23149203,2.27551024,2.34989865,2.48094894,2.58383421,2.602424,2.57333431,2.53784759,2.47297592,2.42357614,2.39959922,2.38085793,2.3591258,2.33184846,2.29926359,thous km2
SSP2,date=2022-10-4T03:04:52-04:00,TexasCst,1.25019,1.537052,1.613756,1.708686,1.812534,1.803368,1.747727,1.682234,1.668561,1.691299,1.694152,1.693496,1.662903,1.628064,1.577164,1.536668,1.50474,1.480566,1.459611,1.437899,1.417237,thous km2
SSP2,date=2022-10-4T03:04:52-04:00,UsaColoRN,0.0244084,0.03000918,0.0315068,0.03335998,0.03974879,0.04338143,0.04625344,0.04543376,0.04521266,0.04629785,0.04683951,0.04751088,0.04721765,0.04679462,0.04568003,0.0448226,0.04429224,0.04384908,0.04334753,0.04269348,0.0419068,thous km2
SSP2,date=2022-10-4T03:04:52-04:00,UsaColoRS,0.002940221,0.0054634,0.0057362,0.0060734,0.007396078,0.008207153,0.008904692,0.008860808,0.008925409,0.009254225,0.009470943,0.009662546,0.009643661,0.009585378,0.009369632,0.009197253,0.00908947,0.008989164,0.008868,0.008708235,0.008514747,thous km2
SSP2,date=2022-10-4T03:04:52-04:00,UsaCstE,5.3505384,6.578246,6.90651,7.312794,7.679359,7.68847,7.571165,7.510397,7.5885258,7.8205874,7.9790421,7.9563071,7.8306362,7.7038985,7.5198097,7.3895348,7.329038,7.3004454,7.2782316,7.2503174,7.2186461,thous km2
SSP2,date=2022-10-4T03:04:52-04:00,UsaCstNE,0.01531092,0.01882398,0.0197634,0.020926,0.022500852,0.022243618,0.021617861,0.020850057,0.020503578,0.020736134,0.020746413,0.020634886,0.020232284,0.019866949,0.019307462,0.018910057,0.018641974,0.018479636,0.018359388,0.018218435,0.018066215,thous km2
SSP2,date=2022-10-4T03:04:52-04:00,UsaCstSE,13.725316,16.874658,17.71675,18.75895,19.998418,20.191417,20.019067,19.926783,20.157003,20.834435,21.313661,21.361157,21.07434,20.763051,20.249487,19.86728,19.67452,19.543843,19.410793,19.246241,19.054019,thous km2
SSP2,date=2022-10-4T03:04:52-04:00,UsaPacNW,0.1821222,0.2239114,0.2350854,0.2489144,0.2831714,0.2914859,0.294645,0.2821187,0.2755191,0.2764519,0.2745734,0.2743475,0.2701745,0.2662527,0.2594844,0.2545314,0.2504793,0.2478335,0.2458313,0.2434455,0.240923,thous km2
SSP3,date=2022-10-4T03:04:53-04:00,ArkWhtRedR,8.26209,10.15786,10.66478,11.29214,12.08369,12.16732,11.93448,11.75014,11.83506,12.2158,12.47157,12.5538,12.42736,12.30425,12.05647,11.90149,11.85645,11.85716,11.87493,11.89368,11.894896,thous km2
SSP3,date=2022-10-4T03:04:53-04:00,California,0.725467,0.89193,0.9364406,0.9915274,1.1386707,1.2059642,1.2448692,1.1858259,1.1532099,1.1559653,1.1478498,1.1526385,1.1372143,1.1226159,1.0957875,1.0785385,1.0714556,1.0686739,1.0668653,1.0644997,1.0609491,thous km2
SSP3,date=2022-10-4T03:04:53-04:00,GreatBasin,0.0582612,0.086233,0.0905362,0.095862,0.1150057,0.1257599,0.1337701,0.1305116,0.1292991,0.1322194,0.1335666,0.1363389,0.1363653,0.1363185,0.1345606,0.1339165,0.1344395,0.1354212,0.13642,0.1373054,0.1380225,thous km2
SSP3,date=2022-10-4T03:04:53-04:00,GreatLakes,16.970334,20.864206,21.716742,21.549874,22.598468,22.608392,22.273625,22.082446,22.280178,22.846939,23.184045,23.079355,22.711605,22.344263,21.824816,21.428945,21.186831,21.01082,20.87519,20.740072,20.594195,thous km2
SSP3,date=2022-10-4T03:04:53-04:00,MissouriR,56.33412,69.26024,72.71642,76.99408,82.4866,83.80129,83.75983,83.74995,84.95246,87.84614,89.85057,90.65927,90.20457,89.68588,88.418,87.62272,87.44764,87.50335,87.7231,87.92234,88.05058,thous km2
SSP3,date=2022-10-4T03:04:53-04:00,MissppRN,73.670802,83.017374,79.43593,77.768646,82.383195,83.38985,83.633213,84.484137,86.526725,89.388601,91.278808,91.707828,91.419013,90.959601,90.118248,89.588191,89.484151,89.552486,89.747776,89.937516,90.054723,thous km2
SSP3,date=2022-10-4T03:04:53-04:00,MissppRS,24.1677,29.7131,31.19594,32.09918,33.16658,32.85032,32.05441,31.43185,31.25659,31.61439,31.79887,31.53794,30.94747,30.38506,29.62318,29.03551,28.65249,28.36093,28.12306,27.89008,27.64148,thous km2
SSP3,date=2022-10-4T03:04:53-04:00,NelsonR,14.6189948,17.973406,18.8703212,19.3427826,20.0447169,19.7962627,19.2074771,18.4589523,18.1823342,18.2472797,18.1953706,18.0948055,17.8173764,17.559198,17.1675974,16.8783671,16.7188548,16.6167988,16.5232305,16.4321984,16.3243562,thous km2
SSP3,date=2022-10-4T03:04:53-04:00,OhioR,35.434456,43.565164,45.739166,45.815666,48.156453,48.35904,47.918966,47.863917,48.553915,49.883691,50.678384,50.591974,50.025175,49.423401,48.557999,47.926496,47.57886,47.355373,47.206965,47.061878,46.883015,thous km2
SSP3,date=2022-10-4T03:04:53-04:00,RioGrande,0.02760002,0.033933,0.0356262,0.037722,0.04030023,0.04027598,0.0392761,0.03760986,0.03662075,0.03680601,0.03658554,0.03746782,0.0375352,0.03758579,0.03719211,0.0370962,0.03733462,0.03770256,0.03815932,0.03860852,0.03901662,thous km2
SSP3,date=2022-10-4T03:04:53-04:00,TennR,1.43909044,1.7692992,1.8575908,1.9668658,2.13857893,2.18688948,2.18095573,2.19513638,2.24010828,2.34177718,2.41522675,2.42920638,2.39849184,2.36831409,2.31481642,2.28016493,2.26563525,2.25947644,2.25881339,2.25803503,2.25515094,thous km2
SSP3,date=2022-10-4T03:04:53-04:00,TexasCst,1.25019,1.537052,1.613756,1.708686,1.809104,1.788531,1.717242,1.639036,1.614534,1.630905,1.630148,1.644628,1.631164,1.617517,1.587377,1.570944,1.569072,1.573914,1.579863,1.585959,1.58853,thous km2
SSP3,date=2022-10-4T03:04:53-04:00,UsaColoRN,0.0244084,0.03000918,0.0315068,0.03335998,0.03960805,0.04281208,0.04497016,0.0435068,0.04272599,0.04328343,0.04332936,0.04386928,0.04353215,0.04318549,0.04232356,0.04183509,0.04171679,0.0417502,0.04179287,0.04180467,0.04176391,thous km2
SSP3,date=2022-10-4T03:04:53-04:00,UsaColoRS,0.002940221,0.0054634,0.0057362,0.0060734,0.0073764,0.008116089,0.008686662,0.008523321,0.008483298,0.008716425,0.008847801,0.009047132,0.009057995,0.009062596,0.008950958,0.00891773,0.008964128,0.009042444,0.009123281,0.009196699,0.009256626,thous km2
SSP3,date=2022-10-4T03:04:53-04:00,UsaCstE,5.3505384,6.578246,6.90651,7.312794,7.664449,7.636141,7.462348,7.346969,7.374105,7.5574655,7.661816,7.6049455,7.4443677,7.2898777,7.0773179,6.915287,6.8120294,6.7344769,6.6718566,6.61002,6.5451614,thous km2
SSP3,date=2022-10-4T03:04:53-04:00,UsaCstNE,0.01531092,0.01882398,0.0197634,0.020926,0.02239164,0.021913488,0.020987284,0.019951949,0.019356971,0.019336386,0.019087018,0.018825446,0.018287781,0.017790803,0.017133869,0.016654578,0.016336808,0.016098237,0.015863399,0.015628592,0.015385297,thous km2
SSP3,date=2022-10-4T03:04:53-04:00,UsaCstSE,13.725316,16.874658,17.71675,18.75895,19.940457,19.981263,19.578937,19.251784,19.250833,19.700235,19.948801,19.926287,19.58447,19.257752,18.759418,18.408807,18.216954,18.093856,18.010972,17.928506,17.831431,thous km2
SSP3,date=2022-10-4T03:04:53-04:00,UsaPacNW,0.1821222,0.2239114,0.2350854,0.2489144,0.2821687,0.2880828,0.2876809,0.2722999,0.2632749,0.2620813,0.2580843,0.257082,0.2522782,0.2477304,0.2405971,0.2357174,0.2329443,0.23115,0.229016,0.2267497,0.2242125,thous km2
SSP4,date=2022-10-4T03:04:52-04:00,ArkWhtRedR,8.26209,10.15786,10.66478,11.29214,12.05008,12.14942,11.97733,11.85492,11.96689,12.34344,12.57907,12.553,12.29952,12.03223,11.62309,11.30892,11.10815,10.94073,10.76376,10.5558,10.323571,thous km2
SSP4,date=2022-10-4T03:04:52-04:00,California,0.725467,0.89193,0.9364406,0.9915274,1.1358952,1.2052446,1.2522273,1.2011958,1.17277,1.17731,1.1701569,1.1700733,1.1479736,1.1255654,1.0894617,1.0638066,1.0493408,1.0383466,1.026545,1.011254,0.9925786,thous km2
SSP4,date=2022-10-4T03:04:52-04:00,GreatBasin,0.0582612,0.086233,0.0905362,0.095862,0.1146754,0.1256424,0.1344988,0.1320982,0.1311845,0.1340247,0.1350544,0.1365375,0.1349071,0.1328942,0.1288232,0.1258145,0.1238888,0.1221671,0.1201507,0.1175641,0.1145655,thous km2
SSP4,date=2022-10-4T03:04:52-04:00,GreatLakes,16.970334,20.864206,21.716742,21.549874,22.566899,22.599106,22.344009,22.243249,22.494053,23.104345,23.492782,23.411274,23.051188,22.680538,22.146804,21.769636,21.568356,21.437087,21.312998,21.147744,20.946535,thous km2
SSP4,date=2022-10-4T03:04:52-04:00,MissouriR,56.33412,69.26024,72.71642,76.99408,82.26568,83.58061,83.77273,84.02106,85.26989,88.06245,89.90722,90.26575,89.25158,88.06473,86.02548,84.5184,83.65324,83.01081,82.33604,81.43709,80.34382,thous km2
SSP4,date=2022-10-4T03:04:52-04:00,MissppRN,73.670802,83.017374,79.43593,77.768646,82.135797,82.956501,83.113927,83.88549,85.68271,88.259454,89.87434,89.966649,89.279466,88.378618,87.052912,86.128985,85.666268,85.371248,85.078508,84.643122,84.062132,thous km2
SSP4,date=2022-10-4T03:04:52-04:00,MissppRS,24.1677,29.7131,31.19594,32.09918,33.15479,32.92239,32.30433,31.87489,31.86019,32.33765,32.63837,32.41907,31.85266,31.29822,30.53113,29.95867,29.62428,29.38305,29.15251,28.87758,28.56176,thous km2
SSP4,date=2022-10-4T03:04:52-04:00,NelsonR,14.6189948,17.973406,18.8703212,19.3427826,20.0207277,19.7940092,19.2705626,18.5854353,18.3428605,18.4153958,18.3706134,18.2302132,17.9033291,17.5912268,17.1496883,16.821743,16.6429394,16.512853,16.3748129,16.2100794,16.021598,thous km2
SSP4,date=2022-10-4T03:04:52-04:00,OhioR,35.434456,43.565164,45.739166,45.815666,48.05753,48.251478,47.908381,47.968961,48.694508,50.035516,50.849421,50.685358,50.009271,49.273514,48.244624,47.499522,47.074404,46.769832,46.47272,46.095618,45.644551,thous km2
SSP4,date=2022-10-4T03:04:52-04:00,RioGrande,0.02760002,0.033933,0.0356262,0.037722,0.04015665,0.04021089,0.03948599,0.03808578,0.03718786,0.03733763,0.03699068,0.03738709,0.03685487,0.03618761,0.03494907,0.03398471,0.03331083,0.03270878,0.03205978,0.03127398,0.03039106,thous km2
SSP4,date=2022-10-4T03:04:52-04:00,TennR,1.43909044,1.7692992,1.8575908,1.9668658,2.13355242,2.18716045,2.19701577,2.22873013,2.28502666,2.3940097,2.47215225,2.47245765,2.42342377,2.37108987,2.28972122,2.22852594,2.18868836,2.15620225,2.12317701,2.08338964,2.03850562,thous km2
SSP4,date=2022-10-4T03:04:52-04:00,TexasCst,1.25019,1.537052,1.613756,1.708686,1.802717,1.783747,1.720696,1.64987,1.626932,1.639498,1.632117,1.626141,1.589844,1.551097,1.493669,1.449102,1.419427,1.393349,1.366011,1.334431,1.299394,thous km2
SSP4,date=2022-10-4T03:04:52-04:00,UsaColoRN,0.0244084,0.03000918,0.0315068,0.03335998,0.03951632,0.04285276,0.04539882,0.04432258,0.0437502,0.04441618,0.04450761,0.04475633,0.04401347,0.04318014,0.04171769,0.04063331,0.0399257,0.03930305,0.03860469,0.03773878,0.03675293,thous km2
SSP4,date=2022-10-4T03:04:52-04:00,UsaColoRS,0.002940221,0.0054634,0.0057362,0.0060734,0.007353423,0.00810748,0.008739206,0.008639126,0.008625782,0.008858579,0.008970352,0.009068396,0.008951269,0.008805405,0.008519003,0.008303439,0.008161367,0.008032493,0.007884211,0.007698418,0.007485106,thous km2
SSP4,date=2022-10-4T03:04:52-04:00,UsaCstE,5.3505384,6.578246,6.90651,7.312794,7.656706,7.646142,7.51459,7.445453,7.5051056,7.71757,7.8533109,7.8101106,7.6554985,7.5024125,7.2842703,7.128455,7.0404601,6.9793104,6.9208126,6.8469851,6.7608285,thous km2
SSP4,date=2022-10-4T03:04:52-04:00,UsaCstNE,0.01531092,0.01882398,0.0197634,0.020926,0.022393142,0.022036812,0.021332755,0.020511642,0.020074376,0.020198385,0.020091786,0.019874673,0.019348289,0.018856188,0.01817807,0.017702549,0.017422739,0.017205935,0.016978393,0.01670162,0.016390598,thous km2
SSP4,date=2022-10-4T03:04:52-04:00,UsaCstSE,13.725316,16.874658,17.71675,18.75895,19.911607,20.016117,19.767139,19.602472,19.717546,20.256269,20.580957,20.507978,20.084045,19.652795,19.014302,18.5384,18.239678,18.004418,17.769293,17.486675,17.166556,thous km2
SSP4,date=2022-10-4T03:04:52-04:00,UsaPacNW,0.1821222,0.2239114,0.2350854,0.2489144,0.2818725,0.2888885,0.2909449,0.2778387,0.2702366,0.2700623,0.2670064,0.2656811,0.2601569,0.254789,0.2466338,0.240892,0.237614,0.2349206,0.2317814,0.2278439,0.2233156,thous km2
SSP5,date=2022-10-4T03:04:52-04:00,ArkWhtRedR,8.26209,10.15786,10.66478,11.29214,12.14817,12.47741,12.61102,12.75765,13.08937,13.5812,13.80207,13.70881,13.52357,13.37365,13.1259,12.95472,12.90425,12.92391,12.9673,13.01552,13.10493,thous km2
SSP5,date=2022-10-4T03:04:52-04:00,California,0.725467,0.89193,0.9364406,0.9915274,1.1446048,1.2366145,1.3188459,1.294556,1.2847071,1.2971898,1.2899345,1.2894338,1.2746422,1.262275,1.2398254,1.2239955,1.2185132,1.2109983,1.1819225,1.1256437,1.1310306,thous km2
SSP5,date=2022-10-4T03:04:52-04:00,GreatBasin,0.0582612,0.086233,0.0905362,0.095862,0.1158096,0.1298758,0.1438373,0.1459042,0.1484501,0.1537391,0.1564255,0.159252,0.1594201,0.1593818,0.1576736,0.1567813,0.1570377,0.1576712,0.1581423,0.1579328,0.15713,thous km2
SSP5,date=2022-10-4T03:04:52-04:00,GreatLakes,16.970334,20.864206,21.716742,21.549874,22.653936,22.879274,22.871223,22.953392,23.311518,23.881926,24.168753,24.057636,23.806722,23.601707,23.338094,23.229319,23.296891,23.447664,23.612306,23.746626,23.84456,thous km2
SSP5,date=2022-10-4T03:04:52-04:00,MissouriR,56.33412,69.26024,72.71642,76.99408,82.64004,84.93771,86.50489,87.96148,90.00392,92.87197,94.46981,94.58383,93.76932,92.96491,91.80781,91.20264,91.18924,91.3749,91.51085,91.40955,90.84704,thous km2
SSP5,date=2022-10-4T03:04:52-04:00,MissppRN,73.670802,83.017374,79.43593,77.768646,82.160811,83.250189,83.762538,84.657801,86.265548,88.167126,89.00074,88.513235,87.589708,86.634261,85.575314,84.936597,84.742001,84.683037,84.568634,84.282439,83.716021,thous km2
SSP5,date=2022-10-4T03:04:52-04:00,MissppRS,24.1677,29.7131,31.19594,32.09918,33.33766,33.47083,33.33303,33.32769,33.64996,34.26011,34.56728,34.35773,33.98193,33.67758,33.26611,33.02989,33.00841,33.09528,33.19267,33.25389,33.38345,thous km2
SSP5,date=2022-10-4T03:04:52-04:00,NelsonR,14.6189948,17.973406,18.8703212,19.3427826,20.0993808,20.0297448,19.687022,19.0964442,18.8931884,18.8831958,18.6245279,18.3443533,18.0655921,17.8642853,17.5689063,17.3546621,17.2958413,17.353628,17.4691284,17.6306782,17.9648552,thous km2
SSP5,date=2022-10-4T03:04:52-04:00,OhioR,35.434456,43.565164,45.739166,45.815666,48.198006,48.758604,48.90325,49.335703,50.27512,51.544546,52.154571,51.842258,51.281647,50.769755,50.150267,49.805007,49.77251,49.879502,50.002033,50.066942,50.043448,thous km2
SSP5,date=2022-10-4T03:04:52-04:00,RioGrande,0.02760002,0.033933,0.0356262,0.037722,0.04060697,0.04178315,0.04269772,0.04286857,0.04323789,0.04434366,0.0446213,0.04545626,0.04542474,0.04530713,0.04477705,0.04452237,0.04455084,0.04459847,0.04453284,0.04421779,0.04348544,thous km2
SSP5,date=2022-10-4T03:04:52-04:00,TennR,1.43909044,1.7692992,1.8575908,1.9668658,2.15400964,2.2574642,2.34029787,2.44840798,2.57223266,2.73277132,2.84847971,2.86235552,2.83767574,2.81422104,2.77435903,2.75482338,2.75622156,2.76478093,2.77209242,2.77088869,2.75244094,thous km2
SSP5,date=2022-10-4T03:04:52-04:00,TexasCst,1.25019,1.537052,1.613756,1.708686,1.819337,1.838626,1.823984,1.790167,1.797257,1.8241,1.806222,1.784774,1.755751,1.731901,1.692097,1.660896,1.646745,1.643286,1.643686,1.64626,1.663413,thous km2
SSP5,date=2022-10-4T03:04:52-04:00,UsaColoRN,0.0244084,0.03000918,0.0315068,0.03335998,0.03996843,0.04449337,0.04896541,0.04958815,0.05037659,0.05208967,0.05294735,0.05378818,0.05379496,0.05377805,0.05322775,0.0529889,0.05316601,0.05350428,0.05381329,0.05391286,0.05384186,thous km2
SSP5,date=2022-10-4T03:04:52-04:00,UsaColoRS,0.002940221,0.0054634,0.0057362,0.0060734,0.00743033,0.008403808,0.009410613,0.009660481,0.00993733,0.01040412,0.010695154,0.010897315,0.010899519,0.01087774,0.01073355,0.010642939,0.010624767,0.010622973,0.010597548,0.010513326,0.010399662,thous km2
SSP5,date=2022-10-4T03:04:52-04:00,UsaCstE,5.3505384,6.578246,6.90651,7.312794,7.703788,7.790074,7.782625,7.815308,7.9497174,8.1839734,8.3119719,8.2784726,8.1872707,8.1185289,8.0218677,7.9860649,8.0207276,8.0917807,8.1733678,8.2480831,8.3097591,thous km2
SSP5,date=2022-10-4T03:04:52-04:00,UsaCstNE,0.01531092,0.01882398,0.0197634,0.020926,0.022653209,0.022797672,0.022740154,0.02245352,0.022428717,0.022834229,0.022890027,0.022835877,0.022619518,0.022488909,0.022189008,0.022048065,0.022142848,0.022401789,0.02273739,0.023091142,0.023601572,thous km2
SSP5,date=2022-10-4T03:04:52-04:00,UsaCstSE,13.725316,16.874658,17.71675,18.75895,20.090566,20.599688,20.918163,21.302715,21.886662,22.754869,23.29618,23.313139,23.089588,22.902302,22.597989,22.454412,22.487936,22.596823,22.704335,22.755992,22.766345,thous km2
SSP5,date=2022-10-4T03:04:52-04:00,UsaPacNW,0.1821222,0.2239114,0.2350854,0.2489144,0.2846627,0.2977294,0.3082004,0.3012197,0.2978361,0.2998364,0.2970495,0.2965592,0.2942028,0.2927125,0.2883031,0.2853008,0.2852067,0.2872514,0.2901853,0.2933367,0.2999186,thous km2
2p6_ref,date=2022-10-4T03:04:51-04:00,ArkWhtRedR,8.26209,10.15786,10.66478,11.29214,11.80206,11.89526,11.70643,11.54934,11.4355,11.1463,10.370625,9.245455,7.955206,6.78301,5.74291,5.725881,5.776775,6.045606,6.29913,6.463454,6.846487,thous km2
2p6_ref,date=2022-10-4T03:04:51-04:00,California,0.725467,0.89193,0.9364406,0.9915274,1.1016066,1.1674166,1.2173284,1.1768987,1.1620158,1.1650086,1.1316983,1.0904399,1.0162786,0.9335106,0.8389283,0.81146226,0.62653216,0.6345681,0.6507032,0.6528048,0.6787816,thous km2
2p6_ref,date=2022-10-4T03:04:51-04:00,GreatBasin,0.0582612,0.086233,0.0905362,0.095862,0.1105105,0.1213098,0.1313207,0.1317199,0.1358194,0.1447143,0.1502722,0.1554088,0.1555369,0.1525794,0.14455697,0.13907721,0.13636332,0.13882475,0.1391825,0.1357542,0.1352058,thous km2
2p6_ref,date=2022-10-4T03:04:51-04:00,GreatLakes,16.970334,20.864206,21.716742,21.549874,22.315263,22.409887,22.184748,22.134732,22.365072,22.55863,22.123497,21.041031,19.5687254,18.0123203,16.3527613,16.1377483,16.1737085,16.7866922,17.3916415,17.8604003,18.8578519,thous km2
2p6_ref,date=2022-10-4T03:04:51-04:00,MissouriR,56.33412,69.26024,72.71642,76.99408,81.10716,82.90977,83.65821,84.85371,87.44968,90.68139,91.45725,89.80488,86.0803,81.37878,75.450682,73.99614,73.91445,76.32859,78.54533,79.97937,83.56958,thous km2
2p6_ref,date=2022-10-4T03:04:51-04:00,MissppRN,73.670802,83.017374,79.43593,77.768646,81.460463,82.545022,82.9112,84.04605,86.065994,87.578404,86.878893,84.025843,79.991785,75.204994,69.6829733,68.776363,69.050823,71.322156,73.744148,76.001987,80.302616,thous km2
2p6_ref,date=2022-10-4T03:04:51-04:00,MissppRS,24.1677,29.7131,31.19594,32.09918,32.75445,32.53166,31.92004,31.51551,31.3902,31.22687,30.38014,28.78555,26.69616,24.5604,22.334576,22.054268,21.95067,22.63907,23.28319,23.70356,24.71378,thous km2
2p6_ref,date=2022-10-4T03:04:51-04:00,NelsonR,14.6189948,17.973406,18.8703212,19.3427826,19.7000071,19.3096501,18.5962728,17.6391833,16.7286417,15.5536769,13.9659343,12.3034747,10.5670287,9.0411151,7.71501466,7.70223225,7.76833291,8.1094166,8.4348171,8.6552033,9.1423582,thous km2
2p6_ref,date=2022-10-4T03:04:51-04:00,OhioR,35.434456,43.565164,45.739166,45.815666,47.540174,47.837329,47.553567,47.713249,48.34381,48.743375,47.8030524,45.4649865,42.364777,39.0343211,35.4983424,35.0959874,35.2311425,36.4540619,37.6792625,38.6686569,40.7162215,thous km2
2p6_ref,date=2022-10-4T03:04:51-04:00,RioGrande,0.02760002,0.033933,0.0356262,0.037722,0.03914941,0.03962082,0.03949035,0.03902478,0.03961706,0.04129613,0.04173964,0.042409,0.0413738,0.03937537,0.036216265,0.035224471,0.034785913,0.035711756,0.03625588,0.03599637,0.03663758,thous km2
2p6_ref,date=2022-10-4T03:04:51-04:00,TennR,1.43909044,1.7692992,1.8575908,1.9668658,2.08963806,2.15994327,2.19178882,2.26045329,2.37560804,2.53043474,2.60880915,2.56851956,2.44832296,2.29607602,2.103299364,2.055013611,2.0404082,2.10244034,2.1514246,2.16612704,2.23996567,thous km2
2p6_ref,date=2022-10-4T03:04:51-04:00,TexasCst,1.25019,1.537052,1.613756,1.708686,1.756498,1.729806,1.658027,1.571424,1.494173,1.381588,1.211891,1.04018,0.8619932,0.7106802,0.5858408,0.5872053,0.5935971,0.623146,0.6516109,0.6707897,0.7134867,thous km2
2p6_ref,date=2022-10-4T03:04:51-04:00,UsaColoRN,0.0244084,0.03000918,0.0315068,0.03335998,0.03805503,0.04134526,0.04427681,0.0440832,0.0450092,0.04728319,0.04825355,0.04889273,0.04784054,0.04590684,0.04272376,0.04127958,0.04058893,0.04146425,0.04178335,0.04103055,0.04118748,thous km2
2p6_ref,date=2022-10-4T03:04:51-04:00,UsaColoRS,0.002940221,0.0054634,0.0057362,0.0060734,0.007067808,0.007802623,0.008512905,0.00861333,0.008974233,0.009696991,0.010242988,0.010727815,0.010890632,0.010844247,0.010406343,0.009936248,0.009624178,0.009736166,0.009691932,0.009374862,0.009256753,thous km2
2p6_ref,date=2022-10-4T03:04:51-04:04,UsaCstE,5.3505384,6.578246,6.90651,7.312794,7.548514,7.563531,7.447092,7.4009441,7.4606014,7.5313611,7.3701725,6.9632207,6.4083331,5.8389506,5.2468025,5.1719045,5.1832135,5.3893863,5.5852799,5.7215664,6.0357017,thous km2
2p6_ref,date=2022-10-4T03:04:51-04:08,UsaCstNE,0.01531092,0.01882398,0.0197634,0.020926,0.021533661,0.021084137,0.020443068,0.019732806,0.019430245,0.019451609,0.018852614,0.017959259,0.016603758,0.015178046,0.013645179,0.013301537,0.013172996,0.013557733,0.013815049,0.013774817,0.01406221,thous km2
2p6_ref,date=2022-10-4T03:04:51-04:12,UsaCstSE,13.725316,16.874658,17.71675,18.75895,19.511903,19.705764,19.577361,19.606681,19.98702,20.562311,20.522237,19.812074,18.569795,17.184735,15.610748,15.303996,15.172785,15.659933,16.073219,16.255155,16.884859,thous km2
2p6_ref,date=2022-10-4T03:04:51-04:16,UsaPacNW,0.1821222,0.2239114,0.2350854,0.2489144,0.2692034,0.2728567,0.2743461,0.2619957,0.2543355,0.2495378,0.2360666,0.2214074,0.2007876,0.1795492,0.15793589,0.15465934,0.15327275,0.1577759,0.1605618,0.1593901,0.161675,thous km2
2p6_ssp1,date=2022-10-4T03:04:52-04:00,ArkWhtRedR,8.26209,10.15786,10.66478,11.29214,11.98356,12.14107,11.98349,11.84527,11.67728,11.347288,10.533191,9.376675,8.057598,6.810077,5.684877,5.233141,5.194196,5.368511,5.518735,5.566555,5.962351,thous km2
2p6_ssp1,date=2022-10-4T03:04:52-04:00,California,0.725467,0.89193,0.9364406,0.9915274,1.1199017,1.1956084,1.253568,1.2184271,1.2033732,1.2054219,1.1689244,1.1250512,1.0490991,0.9611104,0.85929145,0.74736053,0.55511504,0.55922677,0.5585915,0.5440545,0.5765296,thous km2
2p6_ssp1,date=2022-10-4T03:04:52-04:00,GreatBasin,0.0582612,0.086233,0.0905362,0.095862,0.1122834,0.1239861,0.1346634,0.1356768,0.1396997,0.1481278,0.1526344,0.156537,0.1559487,0.15275128,0.14475932,0.13704965,0.13233027,0.13253467,0.1298158,0.1222689,0.1202589,thous km2
2p6_ssp1,date=2022-10-4T03:04:52-04:00,GreatLakes,16.970334,20.864206,21.716742,21.549874,22.523891,22.695032,22.523968,22.511222,22.711701,22.891502,22.4581,21.409972,19.974439,18.3860126,16.64365,15.794554,15.7169443,16.2519874,16.752955,17.0679759,18.376322,thous km2
2p6_ssp1,date=2022-10-4T03:04:52-04:00,MissouriR,56.33412,69.26024,72.71642,76.99408,81.9752,84.04633,84.95537,86.32719,88.76261,91.71421,92.15033,90.2777,86.49824,81.67804,75.52292,71.912414,71.10728,72.92499,74.37258,74.72394,79.0248,thous km2
2p6_ssp1,date=2022-10-4T03:04:52-04:00,MissppRN,73.670802,83.017374,79.43593,77.768646,81.899727,83.019404,83.373498,84.435103,86.122859,87.309396,86.385748,83.466981,79.442104,74.54039,68.7234189,65.6037391,65.291132,67.128498,69.044101,70.640148,76.034206,thous km2
2p6_ssp1,date=2022-10-4T03:04:52-04:00,MissppRS,24.1677,29.7131,31.19594,32.09918,33.11348,33.06617,32.59336,32.30968,32.22214,32.0932,31.26422,29.68829,27.59334,25.33477,22.913499,21.694505,21.400855,21.94905,22.42852,22.62736,23.94562,thous km2
2p6_ssp1,date=2022-10-4T03:04:52-04:00,NelsonR,14.6189948,17.973406,18.8703212,19.3427826,19.8917465,19.5656826,18.8837235,17.9114738,16.9208042,15.7242439,14.1370231,12.4857749,10.7361734,9.1201023,7.68469346,7.11772764,7.07951636,7.32094991,7.5406369,7.6430979,8.2003123,thous km2
2p6_ssp1,date=2022-10-4T03:04:52-04:00,OhioR,35.434456,43.565164,45.739166,45.815666,47.934656,48.362113,48.172793,48.396535,48.939696,49.272664,48.2960211,45.966873,42.8846605,39.4300714,35.6555919,33.8177731,33.6497255,34.6368921,35.5884726,36.2112703,38.789165,thous km2
2p6_ssp1,date=2022-10-4T03:04:52-04:00,RioGrande,0.02760002,0.033933,0.0356262,0.037722,0.03987324,0.04062953,0.04067075,0.04044136,0.04104281,0.04261841,0.04275382,0.04302531,0.04171981,0.03950059,0.036109578,0.033809003,0.032814995,0.033125764,0.03291385,0.03170579,0.03202949,thous km2
2p6_ssp1,date=2022-10-4T03:04:52-04:00,TennR,1.43909044,1.7692992,1.8575908,1.9668658,2.12530535,2.21282199,2.25827404,2.34481375,2.46786548,2.62696065,2.70195565,2.65260401,2.52672735,2.36511744,2.158355948,2.03604686,1.999027428,2.03969554,2.06037385,2.03424247,2.11484888,thous km2
2p6_ssp1,date=2022-10-4T03:04:52-04:00,TexasCst,1.25019,1.537052,1.613756,1.708686,1.78623,1.76864,1.699139,1.610947,1.521222,1.400709,1.225339,1.050117,0.8688398,0.7086023,0.5742112,0.5235775,0.519866,0.5381965,0.5546195,0.5609317,0.6029224,thous km2
2p6_ssp1,date=2022-10-4T03:04:52-04:00,UsaColoRN,0.0244084,0.03000918,0.0315068,0.03335998,0.0387448,0.04242837,0.0456938,0.04581519,0.04684189,0.04914347,0.04998468,0.05045631,0.049375,0.04746326,0.04426379,0.04181849,0.0405928,0.04090682,0.04041822,0.03847978,0.03830362,thous km2
2p6_ssp1,date=2022-10-4T03:04:52-04:00,UsaColoRS,0.002940221,0.0054634,0.0057362,0.0060734,0.007193846,0.008000785,0.008772543,0.00893588,0.009317234,0.010035281,0.01052579,0.010918937,0.011017546,0.010942925,0.010496873,0.009906219,0.009421544,0.009344965,0.009056197,0.0084255,0.008184386,thous km2
2p6_ssp1,date=2022-10-4T03:04:52-04:00,UsaCstE,5.3505384,6.578246,6.90651,7.312794,7.639859,7.692916,7.603847,7.5803952,7.6374523,7.7117703,7.5554503,7.1603518,6.615455,6.0288136,5.4018685,5.1046458,5.0786865,5.2582568,5.4169403,5.4951851,5.9053081,thous km2
2p6_ssp1,date=2022-10-4T03:04:52-04:00,UsaCstNE,0.01531092,0.01882398,0.0197634,0.020926,0.021941279,0.021698873,0.021212371,0.020640074,0.020394807,0.020477068,0.01990187,0.019026108,0.017676557,0.016186368,0.014540318,0.013678444,0.013459554,0.01378129,0.013928368,0.013672652,0.014107915,thous km2
2p6_ssp1,date=2022-10-4T03:04:52-04:00,UsaCstSE,13.725316,16.874658,17.71675,18.75895,19.83418,20.188076,20.18692,20.358347,20.804477,21.435117,21.40578,20.670516,19.405351,17.937771,16.234279,15.299688,15.02055,15.384719,15.635,15.574114,16.346741,thous km2
2p6_ssp1,date=2022-10-4T03:04:52-04:00,UsaPacNW,0.1821222,0.2239114,0.2350854,0.2489144,0.2737755,0.2797323,0.2829011,0.2715826,0.2636564,0.2585575,0.2444823,0.229446,0.2084651,0.185927,0.16254248,0.15116886,0.14816221,0.1510964,0.1518643,0.1477403,0.1506882,thous km2
2p6_ssp2,date=2022-10-4T03:04:52-04:00,ArkWhtRedR,8.26209,10.15786,10.66478,11.29214,12.0378,12.16937,11.92388,11.67403,11.4443,11.017143,10.088338,8.886506,7.637392,6.5441,5.610256,5.571018,5.651022,5.97236,6.116581,6.366223,6.736434,thous km2
2p6_ssp2,date=2022-10-4T03:04:52-04:00,California,0.725467,0.89193,0.9364406,0.9915274,1.1239026,1.1960179,1.2442679,1.1991633,1.179797,1.1762312,1.130456,1.0773064,0.9979647,0.91381155,0.82326373,0.76906727,0.60327488,0.62977699,0.6299864,0.6435526,0.6676085,thous km2
2p6_ssp2,date=2022-10-4T03:04:52-04:00,GreatBasin,0.0582612,0.086233,0.0905362,0.095862,0.1129909,0.1247381,0.1349259,0.135422,0.1397832,0.1488853,0.1536214,0.1572977,0.1558333,0.15140356,0.14258653,0.13667842,0.13506527,0.13894352,0.13674432,0.1357447,0.1351299,thous km2
2p6_ssp2,date=2022-10-4T03:04:52-04:00,GreatLakes,16.970334,20.864206,21.716742,21.549874,22.554935,22.671796,22.380647,22.244747,22.375254,22.430337,21.809677,20.581867,19.0783116,17.5541282,16.0056386,15.7581555,15.8896832,16.6359861,17.0213731,17.7187902,18.7138319,thous km2
2p6_ssp2,date=2022-10-4T03:04:52-04:00,MissouriR,56.33412,69.26024,72.71642,76.99408,82.27145,84.31253,84.89829,85.94655,88.34027,91.17435,91.22427,88.83087,84.68205,79.79712,74.050083,72.49468,72.88447,75.91502,77.17483,79.6907,83.35368,thous km2
2p6_ssp2,date=2022-10-4T03:04:52-04:00,MissppRN,73.670802,83.017374,79.43593,77.768646,82.091215,83.201491,83.40038,84.319598,86.035732,87.089828,85.820515,82.51259,78.305611,73.536426,68.32932,67.4351411,68.092936,70.849446,72.66421,75.799416,80.192887,thous km2
2p6_ssp2,date=2022-10-4T03:04:52-04:00,MissppRS,24.1677,29.7131,31.19594,32.09918,33.13033,32.96313,32.26399,31.73693,31.47189,31.13499,30.05056,28.27636,26.16468,24.08285,22.002847,21.646912,21.664158,22.52311,22.87584,23.55937,24.55385,thous km2
2p6_ssp2,date=2022-10-4T03:04:52-04:00,NelsonR,14.6189948,17.973406,18.8703212,19.3427826,19.9148079,19.5082856,18.7013985,17.5830362,16.5041492,15.178585,13.4569741,11.760296,10.1181501,8.71552769,7.53407584,7.49045659,7.59027924,7.99366803,8.1820103,8.4998396,8.9625632,thous km2
2p6_ssp2,date=2022-10-4T03:04:52-04:00,OhioR,35.434456,43.565164,45.739166,45.815666,48.019282,48.360875,47.954542,47.943553,48.360539,48.466141,47.1499391,44.5263242,41.3734682,38.1226395,34.8328227,34.3842674,34.7051207,36.1923791,37.0050726,38.4478471,40.4996919,thous km2
2p6_ssp2,date=2022-10-4T03:04:52-04:00,RioGrande,0.02760002,0.033933,0.0356262,0.037722,0.04016257,0.04096379,0.04079225,0.04032824,0.04095205,0.04260907,0.04269659,0.04284953,0.04135099,0.039023873,0.035820085,0.03469769,0.034520785,0.035819447,0.03573623,0.03608932,0.0367402,thous km2
2p6_ssp2,date=2022-10-4T03:04:52-04:00,TennR,1.43909044,1.7692992,1.8575908,1.9668658,2.13427473,2.21810834,2.24646918,2.3136191,2.42697208,2.57426299,2.62987028,2.56175432,2.42403706,2.26275891,2.073809656,2.019586694,2.018896589,2.10048088,2.11647854,2.16420687,2.23873695,thous km2
2p6_ssp2,date=2022-10-4T03:04:52-04:00,TexasCst,1.25019,1.537052,1.613756,1.708686,1.79641,1.774622,1.691515,1.585755,1.48782,1.354025,1.165588,0.988132,0.8198031,0.6814842,0.5711629,0.5697907,0.5788942,0.6138155,0.6304851,0.6582164,0.6989632,thous km2
2p6_ssp2,date=2022-10-4T03:04:52-04:00,UsaColoRN,0.0244084,0.03000918,0.0315068,0.03335998,0.03896154,0.04259023,0.04556075,0.04535944,0.04631498,0.04856374,0.04915991,0.04927076,0.04775892,0.04547862,0.04219395,0.04060146,0.04021718,0.04150905,0.04105799,0.04101094,0.04113259,thous km2
2p6_ssp2,date=2022-10-4T03:04:52-04:00,UsaColoRS,0.002940221,0.0054634,0.0057362,0.0060734,0.007239973,0.008046396,0.008776317,0.00889324,0.009286221,0.010046205,0.010562884,0.010966036,0.011024193,0.010863764,0.010340883,0.009828696,0.009602234,0.009817967,0.009588069,0.00943947,0.009313392,thous km2
2p6_ssp2,date=2022-10-4T03:04:52-04:00,UsaCstE,5.3505384,6.578246,6.90651,7.312794,7.650947,7.67868,7.535953,7.4567981,7.4797398,7.499623,7.2671102,6.8042422,6.2391192,5.6837625,5.1329567,5.0440282,5.0865899,5.3384337,5.4524576,5.6673507,5.978018,thous km2
2p6_ssp2,date=2022-10-4T03:04:52-04:00,UsaCstNE,0.01531092,0.01882398,0.0197634,0.020926,0.021966505,0.021567339,0.020838761,0.020035493,0.01965076,0.019557685,0.018754319,0.017681587,0.016262036,0.0148418,0.013391279,0.012992687,0.012947515,0.013454997,0.013461329,0.013629703,0.013884267,thous km2
2p6_ssp2,date=2022-10-4T03:04:52-04:00,UsaCstSE,13.725316,16.874658,17.71675,18.75895,19.887681,20.17391,19.99474,19.971261,20.295605,20.773603,20.541307,19.639162,18.31111,16.905902,15.3967995,15.032282,15.00211,15.631509,15.799786,16.211014,16.835595,thous km2
2p6_ssp2,date=2022-10-4T03:04:52-04:00,UsaPacNW,0.1821222,0.2239114,0.2350854,0.2489144,0.2745315,0.2788498,0.2794164,0.2655831,0.2564457,0.2497319,0.2332713,0.2163081,0.1952429,0.17457564,0.15453789,0.15060255,0.15014069,0.15604814,0.1557947,0.1569599,0.158734,thous km2
2p6_ssp4,date=2022-10-4T03:04:53-04:00,ArkWhtRedR,8.26209,10.15786,10.66478,11.29214,11.98343,12.06616,11.78737,11.55471,11.43416,11.188552,10.482282,9.438089,8.149662,6.884234,5.742865,5.834934,5.931447,6.19126,6.450865,6.598036,7.070932,thous km2
2p6_ssp4,date=2022-10-4T03:04:53-04:00,California,0.725467,0.89193,0.9364406,0.9915274,1.1192931,1.1872699,1.229644,1.1802829,1.1586229,1.1596645,1.128857,1.0942904,1.0256675,0.9438498,0.84683735,0.8335559,0.7478784,0.6621158,0.6794353,0.6804294,0.7206355,thous km2
2p6_ssp4,date=2022-10-4T03:04:53-04:00,GreatBasin,0.0582612,0.086233,0.0905362,0.095862,0.1123808,0.12339,0.1322881,0.1311679,0.1334998,0.1409334,0.1455802,0.1506158,0.1515205,0.1500064,0.14336766,0.13851152,0.1347629,0.1351004,0.1333979,0.1269828,0.1250314,thous km2
2p6_ssp4,date=2022-10-4T03:04:53-04:00,GreatLakes,16.970334,20.864206,21.716742,21.549874,22.508048,22.583325,22.26572,22.139089,22.347388,22.592876,22.255973,21.289138,19.880586,18.2887623,16.5381769,16.5061864,16.6026012,17.1340929,17.6945201,18.051176,19.164154,thous km2
2p6_ssp4,date=2022-10-4T03:04:53-04:00,MissouriR,56.33412,69.26024,72.71642,76.99408,82.02781,83.76443,84.04394,84.74151,86.90601,90.06912,91.07426,89.90289,86.65191,82.22161,76.27225,75.46638,75.4454,77.40809,79.23868,79.87231,83.57974,thous km2
2p6_ssp4,date=2022-10-4T03:04:53-04:00,MissppRN,73.670802,83.017374,79.43593,77.768646,81.983807,82.977926,83.073037,83.953364,85.876087,87.581425,87.247774,84.856492,81.157412,76.443874,70.712501,70.335278,70.825245,72.962767,75.365176,77.416414,82.368245,thous km2
2p6_ssp4,date=2022-10-4T03:04:53-04:00,MissppRS,24.1677,29.7131,31.19594,32.09918,33.05292,32.82311,32.08306,31.56565,31.39194,31.26276,30.49611,29.01675,26.96379,24.72805,22.35358,22.31964,22.344,22.87055,23.45043,23.72726,24.86282,thous km2
2p6_ssp4,date=2022-10-4T03:04:53-04:00,NelsonR,14.6189948,17.973406,18.8703212,19.3427826,19.8742884,19.476196,18.6988225,17.7138608,16.889559,15.8180966,14.3184519,12.7186699,10.9362052,9.2491424,7.76643605,7.9075577,8.0520739,8.3968107,8.7541675,8.9873953,9.6345471,thous km2
2p6_ssp4,date=2022-10-4T03:04:53-04:00,OhioR,35.434456,43.565164,45.739166,45.815666,47.923181,48.173762,47.695193,47.682207,48.254502,48.741064,47.978624,45.8824613,42.9069776,39.4815361,35.7243712,35.6771523,35.9251586,37.0363109,38.2068181,39.0258617,41.3576573,thous km2
2p6_ssp4,date=2022-10-4T03:04:53-04:00,RioGrande,0.02760002,0.033933,0.0356262,0.037722,0.0399139,0.04036933,0.03981302,0.03885814,0.03891611,0.04018154,0.04040898,0.04113301,0.04035173,0.03863631,0.035634653,0.034906039,0.03434821,0.03478193,0.03488118,0.03395665,0.03434485,thous km2
2p6_ssp4,date=2022-10-4T03:04:53-04:00,TennR,1.43909044,1.7692992,1.8575908,1.9668658,2.12376019,2.19329952,2.20651438,2.25411393,2.34674986,2.48632831,2.55907798,2.52836364,2.42105165,2.27689417,2.085788244,2.05462425,2.03692116,2.07739364,2.10694293,2.08929976,2.15472879,thous km2
2p6_ssp4,date=2022-10-4T03:04:53-04:00,TexasCst,1.25019,1.537052,1.613756,1.708686,1.786886,1.758169,1.671234,1.573391,1.498428,1.393667,1.233526,1.071389,0.890513,0.7245403,0.5858594,0.6002407,0.6134526,0.6432198,0.6742249,0.6940481,0.749403,thous km2
2p6_ssp4,date=2022-10-4T03:04:53-04:00,UsaColoRN,0.0244084,0.03000918,0.0315068,0.03335998,0.03873564,0.04209398,0.04462472,0.0439063,0.04425303,0.04606796,0.04677837,0.04743051,0.04659296,0.0449367,0.04196543,0.04075823,0.03980588,0.04004347,0.03975736,0.0381409,0.03789488,thous km2
2p6_ssp4,date=2022-10-4T03:04:53-04:00,UsaColoRS,0.002940221,0.0054634,0.0057362,0.0060734,0.007198574,0.00795298,0.008590336,0.008584477,0.008812632,0.009411099,0.009858646,0.010304952,0.010491731,0.010535081,0.010205185,0.009759179,0.009389254,0.00931352,0.009120599,0.008599094,0.008390204,thous km2
2p6_ssp4,date=2022-10-4T03:04:53-04:00,UsaCstE,5.3505384,6.578246,6.90651,7.312794,7.629027,7.636408,7.479316,7.3988336,7.4437639,7.5262244,7.3950301,7.0273852,6.4927764,5.9065832,5.2808407,5.2704582,5.2959484,5.4711601,5.6443481,5.7317999,6.0724123,thous km2
2p6_ssp4,date=2022-10-4T03:04:53-04:00,UsaCstNE,0.01531092,0.01882398,0.0197634,0.020926,0.021862398,0.021410383,0.020591933,0.019719886,0.01929428,0.019254144,0.018665929,0.017852803,0.016567266,0.01513375,0.013553968,0.013362189,0.013221548,0.01346048,0.013584269,0.013322116,0.013548433,thous km2
2p6_ssp4,date=2022-10-4T03:04:53-04:00,UsaCstSE,13.725316,16.874658,17.71675,18.75895,19.803134,19.993066,19.721431,19.604441,19.856182,20.365585,20.325378,19.697228,18.519917,17.12678,15.502826,15.349184,15.254186,15.570316,15.867291,15.85002,16.469756,thous km2
2p6_ssp4,date=2022-10-4T03:04:53-04:00,UsaPacNW,0.1821222,0.2239114,0.2350854,0.2489144,0.2732755,0.2772285,0.2765862,0.2621259,0.2531888,0.2480873,0.2352842,0.2220949,0.202393,0.180554,0.15771446,0.1566543,0.1556265,0.1587023,0.1603307,0.156946,0.1590597,thous km2
2p6_ssp5,date=2022-10-4T03:04:53-04:00,ArkWhtRedR,8.26209,10.15786,10.66478,11.29214,12.07434,12.38269,12.30382,11.93835,11.440393,10.596296,9.424222,8.188576,7.084524,6.137723,5.2947281,4.7825514,4.8501845,5.0994463,5.0692618,5.284182,5.369937,thous km2
2p6_ssp5,date=2022-10-4T03:04:53-04:00,California,0.725467,0.89193,0.9364406,0.9915274,1.1273352,1.2188029,1.3032811,1.2755672,1.2516491,1.2144696,1.1299105,1.0502106,0.96022045,0.86912959,0.66563958,0.55082069,0.53839737,0.55115468,0.52208596,0.52648252,0.5179337,thous km2
2p6_ssp5,date=2022-10-4T03:04:53-04:00,GreatBasin,0.0582612,0.086233,0.0905362,0.095862,0.1134421,0.1278615,0.1442162,0.1503229,0.1575674,0.1651003,0.1646173,0.16281745,0.15689563,0.1487105,0.13779403,0.129370498,0.129885859,0.13507862,0.13238084,0.13571691,0.13652392,thous km2
2p6_ssp5,date=2022-10-4T03:04:53-04:00,GreatLakes,16.970334,20.864206,21.716742,21.549874,22.587728,22.88234,22.794727,22.614541,22.457465,21.967737,20.880928,19.4464483,17.9605794,16.5211701,15.0733718,14.12766161,14.35029899,15.0729841,15.2374632,16.1056459,16.8435952,thous km2
2p6_ssp5,date=2022-10-4T03:04:53-04:00,MissouriR,56.33412,69.26024,72.71642,76.99408,82.37186,85.38242,87.52723,89.44035,91.22738,91.6876,89.03759,84.75478,79.66646,74.337054,68.658268,64.710894,65.351189,68.200845,68.582769,72.049058,75.17044,thous km2
2p6_ssp5,date=2022-10-4T03:04:53-04:00,MissppRN,73.670802,83.017374,79.43593,77.768646,81.995281,83.347012,83.868108,84.391381,84.784469,83.731375,80.708231,76.407837,71.8218278,67.1325837,62.4259769,59.2559692,59.9110019,62.3672146,63.3815949,67.0771525,70.841212,thous km2
2p6_ssp5,date=2022-10-4T03:04:53-04:00,MissppRS,24.1677,29.7131,31.19594,32.09918,33.22434,33.37193,33.03757,32.53306,32.01982,31.08925,29.49597,27.4547,25.353829,23.31939,21.175667,19.755035,19.919917,20.693378,20.652642,21.429197,21.962662,thous km2
2p6_ssp5,date=2022-10-4T03:04:53-04:00,NelsonR,14.6189948,17.973406,18.8703212,19.3427826,19.9445157,19.6140695,18.7447771,17.2067017,15.7445745,14.0635241,12.2596678,10.6845439,9.31186374,8.14050148,7.09029315,6.445857507,6.52872009,6.83829765,6.79727031,7.0593208,7.15759059,thous km2
2p6_ssp5,date=2022-10-4T03:04:53-04:00,OhioR,35.434456,43.565164,45.739166,45.815666,48.05138,48.698168,48.643435,48.478882,48.263017,47.2577279,45.0486117,41.995264,38.8620311,35.8032834,32.77619462,30.77572249,31.15889245,32.52549388,32.8250949,34.5207151,35.957531,thous km2
2p6_ssp5,date=2022-10-4T03:04:53-04:00,RioGrande,0.02760002,0.033933,0.0356262,0.037722,0.04033892,0.04221696,0.04396883,0.04521881,0.04661657,0.04760549,0.04597007,0.04439654,0.041711397,0.03856644,0.034920308,0.032346841,0.032518606,0.033906112,0.033346556,0.034367176,0.034627277,thous km2
2p6_ssp5,date=2022-10-4T03:04:53-04:00,TennR,1.43909044,1.7692992,1.8575908,1.9668658,2.14307364,2.2735747,2.379806,2.51271771,2.64641209,2.74522512,2.71916788,2.57738857,2.399621629,2.212307636,2.009398903,1.869582715,1.885987796,1.970216191,1.960251108,2.041674586,2.094972251,thous km2
2p6_ssp5,date=2022-10-4T03:04:53-04:00,TexasCst,1.25019,1.537052,1.613756,1.708686,1.802265,1.806174,1.738958,1.595494,1.452184,1.264075,1.05706,0.8877776,0.7470853,0.6327588,0.53579147,0.47900299,0.48547444,0.51033538,0.5057048,0.5258836,0.5312099,thous km2
2p6_ssp5,date=2022-10-4T03:04:53-04:00,UsaColoRN,0.0244084,0.03000918,0.0315068,0.03335998,0.03916107,0.04380313,0.04897374,0.05067731,0.05257429,0.05428622,0.05333835,0.05193877,0.0493857,0.046298467,0.0425161,0.039755091,0.040088035,0.041889428,0.041238002,0.042485402,0.04285561,thous km2
2p6_ssp5,date=2022-10-4T03:04:53-04:00,UsaColoRS,0.002940221,0.0054634,0.0057362,0.0060734,0.007270619,0.008264586,0.009444534,0.010009431,0.010692713,0.011457548,0.011708188,0.011732513,0.011430789,0.010923892,0.010132575,0.009498353,0.009467498,0.009770346,0.009494501,0.009647359,0.009635279,thous km2
2p6_ssp5,date=2022-10-4T03:04:53-04:00,UsaCstE,5.3505384,6.578246,6.90651,7.312794,7.672818,7.788482,7.749732,7.6784518,7.6159516,7.4432192,7.0381014,6.5001579,5.948586,5.4251863,4.90600229,4.56952029,4.64639615,4.89660465,4.9333224,5.2097024,5.4237096,thous km2
2p6_ssp5,date=2022-10-4T03:04:53-04:00,UsaCstNE,0.01531092,0.01882398,0.0197634,0.020926,0.022106648,0.022092062,0.021980847,0.021490653,0.021096804,0.020553631,0.019223321,0.017819177,0.016317482,0.014876083,0.013401139,0.012417716,0.012551873,0.013156858,0.013013972,0.013481823,0.013653645,thous km2
2p6_ssp5,date=2022-10-4T03:04:53-04:00,UsaCstSE,13.725316,16.874658,17.71675,18.75895,19.971982,20.626395,21.005208,21.34045,21.701504,21.769522,21.008943,19.691065,18.198072,16.6975968,15.0826882,14.0034238,14.1474753,14.7948358,14.740394,15.3608753,15.756954,thous km2
2p6_ssp5,date=2022-10-4T03:04:53-04:00,UsaPacNW,0.1821222,0.2239114,0.2350854,0.2489144,0.2758721,0.2842795,0.2924227,0.2808699,0.2697502,0.2553271,0.2315934,0.2107315,0.18953679,0.16971382,0.15018613,0.137495843,0.13855815,0.1445515,0.14180409,0.14536714,0.14494069,thous km2
