Name,LON,LAT,BasinName,Yield_IRR_hi,Yield_IRR_lo,Yield_RFD_hi,Yield_RFD_lo,Ending,EndingRate,PlantingArea,Yield Unit
Agency Rail LLC,-88.847333,40.490883,MissppRN,12.981315990335178,8.654207913803017,8.920220362215009,5.946795988805441,98.99,0.09898570935812029,801.1119029126213,t/km2
Airial Construction,-88.085602,41.851961,MissppRN,12.981315990335178,8.654207913803017,8.920220362215009,5.946795988805441,63.96,0.063964523115532,801.1119029126213,t/km2
"Alliance Builders And Construction, Inc.",-87.816836,41.840134,MissppRN,12.981315990335178,8.654207913803017,8.920220362215009,5.946795988805441,50.82,0.05081723025524779,801.1119029126213,t/km2
Artix Construction Inc,-87.816836,41.840134,MissppRN,12.981315990335178,8.654207913803017,8.920220362215009,5.946795988805441,75.07,0.07506889318590379,801.1119029126213,t/km2
Assumption Cooperative Grain,-89.277259,39.545839,MissppRN,12.981315990335178,8.654207913803017,8.920220362215009,5.946795988805441,12.71,0.012714032129862352,801.1119029126213,t/km2
Atkinson Grain & Fertilizer,-90.131437,41.353145,MissppRN,12.981315990335178,8.654207913803017,8.920220362215009,5.946795988805441,41.67,0.04167148763844669,801.1119029126213,t/km2
B A B Grain,-89.658883,39.758174,MissppRN,12.981315990335178,8.654207913803017,8.920220362215009,5.946795988805441,78.56,0.07856443061844154,801.1119029126213,t/km2
Bridgeport Grain INC,-87.726786,38.719963,OhioR,92.37707185875328,61.58449252119268,63.49319404874961,42.32888875639857,89.86,0.08986241787475033,4843.018099999999,t/km2
Copper Construction Co,-88.085602,41.851961,MissppRN,12.981315990335178,8.654207913803017,8.920220362215009,5.946795988805441,43.32,0.04331580070842456,801.1119029126213,t/km2
Crea Construction,-87.816836,41.840134,MissppRN,12.981315990335178,8.654207913803017,8.920220362215009,5.946795988805441,0.17,0.00016519180717846637,801.1119029126213,t/km2
Danvers Farmers Elevator,-88.847333,40.490883,MissppRN,12.981315990335178,8.654207913803017,8.920220362215009,5.946795988805441,19.66,0.019656526786132323,801.1119029126213,t/km2
Donovan Farmers Cooperative,-87.824344,40.747251,MissppRN,12.981315990335178,8.654207913803017,8.920220362215009,5.946795988805441,60.75,0.060745883815386884,801.1119029126213,t/km2
Eminence Grain & Coal CO,-89.367545,40.124564,MissppRN,12.981315990335178,8.654207913803017,8.920220362215009,5.946795988805441,37.92,0.03791894232798548,801.1119029126213,t/km2
Farmers Grain Company Of Latham,-89.367545,40.124564,MissppRN,12.981315990335178,8.654207913803017,8.920220362215009,5.946795988805441,53.37,0.05337001082644281,801.1119029126213,t/km2
Farmers Grain Service Inc,-88.885951,41.344002,MissppRN,12.981315990335178,8.654207913803017,8.920220362215009,5.946795988805441,79.68,0.07967978172944949,801.1119029126213,t/km2
Geneva Construction Co,-88.428645,41.938852,MissppRN,12.981315990335178,8.654207913803017,8.920220362215009,5.946795988805441,93.89,0.09388794012682596,801.1119029126213,t/km2
Goodwine Cooperative Grain Company,-87.824344,40.747251,MissppRN,12.981315990335178,8.654207913803017,8.920220362215009,5.946795988805441,78.46,0.07846275405609768,801.1119029126213,t/km2
Goodwine Cooperative Grain Company,-87.824344,40.747251,MissppRN,12.981315990335178,8.654207913803017,8.920220362215009,5.946795988805441,14.15,0.01415443539023401,801.1119029126213,t/km2
Grainland Cooperative,-89.211128,40.788226,MissppRN,12.981315990335178,8.654207913803017,8.920220362215009,5.946795988805441,33.07,0.03306725672716695,801.1119029126213,t/km2
Grainland Elevator,-89.211128,40.788226,MissppRN,12.981315990335178,8.654207913803017,8.920220362215009,5.946795988805441,73.23,0.07323449780846161,801.1119029126213,t/km2
Grand Prairie Cooperative Inc,-88.199166,40.140104,OhioR,92.37707185875328,61.58449252119268,63.49319404874961,42.32888875639857,62.29,0.062289607524704874,4843.018099999999,t/km2
Graymont Cooperative Association Grain ELEV,-88.557724,40.891579,MissppRN,12.981315990335178,8.654207913803017,8.920220362215009,5.946795988805441,54.24,0.05423600414671448,801.1119029126213,t/km2
Hartsburg Grain Company,-89.367545,40.124564,MissppRN,12.981315990335178,8.654207913803017,8.920220362215009,5.946795988805441,52.66,0.05266443716315128,801.1119029126213,t/km2
Heartland Construction,-87.816836,41.840134,MissppRN,12.981315990335178,8.654207913803017,8.920220362215009,5.946795988805441,67.45,0.06744852741413618,801.1119029126213,t/km2
Hometeam Group Inc,-87.816836,41.840134,MissppRN,12.981315990335178,8.654207913803017,8.920220362215009,5.946795988805441,7.17,0.007170470610680335,801.1119029126213,t/km2
Hudson Grain Co,-88.847333,40.490883,MissppRN,12.981315990335178,8.654207913803017,8.920220362215009,5.946795988805441,82.39,0.08238953356927538,801.1119029126213,t/km2
I D Construction,-88.452342,42.324432,MissppRN,12.981315990335178,8.654207913803017,8.920220362215009,5.946795988805441,32.14,0.03214152358511239,801.1119029126213,t/km2
Jayco Construction,-89.658883,39.758174,MissppRN,12.981315990335178,8.654207913803017,8.920220362215009,5.946795988805441,2.26,0.0022554350224095352,801.1119029126213,t/km2
Jersey County Grain Company,-90.667537,39.16925,MissppRN,12.981315990335178,8.654207913803017,8.920220362215009,5.946795988805441,69.41,0.0694053424106466,801.1119029126213,t/km2
K T Richards Construction,-87.978648,41.44505,MissppRN,12.981315990335178,8.654207913803017,8.920220362215009,5.946795988805441,20.05,0.020054103005785397,801.1119029126213,t/km2
Kitchen Seed Co Inc,-90.886303,39.622511,MissppRN,12.981315990335178,8.654207913803017,8.920220362215009,5.946795988805441,15.35,0.015352287385667785,801.1119029126213,t/km2
Koehl Brothers Inc,-88.557724,40.891579,MissppRN,12.981315990335178,8.654207913803017,8.920220362215009,5.946795988805441,2.61,0.002608264038484276,801.1119029126213,t/km2
Legend Exterior & Construction,-88.085602,41.851961,MissppRN,12.981315990335178,8.654207913803017,8.920220362215009,5.946795988805441,91.1,0.0911022475032545,801.1119029126213,t/km2
Lincolnland Agri-Energy,-87.759567,39.002704,OhioR,92.37707185875328,61.58449252119268,63.49319404874961,42.32888875639857,72.73,0.0727328451124873,4843.018099999999,t/km2
Lumber 1 Construction,-87.816836,41.840134,MissppRN,12.981315990335178,8.654207913803017,8.920220362215009,5.946795988805441,30.47,0.03047104041219769,801.1119029126213,t/km2
Midwest Ingredients Inc,-89.759969,40.788053,MissppRN,12.981315990335178,8.654207913803017,8.920220362215009,5.946795988805441,45.56,0.04556306372167427,801.1119029126213,t/km2
Monica Elevator CO,-89.759969,40.788053,MissppRN,12.981315990335178,8.654207913803017,8.920220362215009,5.946795988805441,57.44,0.057440829304463134,801.1119029126213,t/km2
Northern Grain Marketing,-89.528673,41.404133,MissppRN,12.981315990335178,8.654207913803017,8.920220362215009,5.946795988805441,19.49,0.019489679459357877,801.1119029126213,t/km2
P&K Quality Construction,-89.277259,39.545839,MissppRN,12.981315990335178,8.654207913803017,8.920220362215009,5.946795988805441,94.91,0.09490920784074772,801.1119029126213,t/km2
Path Construction Co Inc,-87.816836,41.840134,MissppRN,12.981315990335178,8.654207913803017,8.920220362215009,5.946795988805441,86.74,0.08673848839847922,801.1119029126213,t/km2
Prentice Farmers Elevator,-90.247407,39.973553,MissppRN,12.981315990335178,8.654207913803017,8.920220362215009,5.946795988805441,97.62,0.09761754236692241,801.1119029126213,t/km2
"R.A. James Construction, Inc.",-87.816836,41.840134,MissppRN,12.981315990335178,8.654207913803017,8.920220362215009,5.946795988805441,69.72,0.06971948722337318,801.1119029126213,t/km2
Reyes Group Limited,-87.816836,41.840134,MissppRN,12.981315990335178,8.654207913803017,8.920220362215009,5.946795988805441,99.16,0.09915529257666282,801.1119029126213,t/km2
Roanoke Farmers Association,-89.211128,40.788226,MissppRN,12.981315990335178,8.654207913803017,8.920220362215009,5.946795988805441,61.52,0.061522857918160055,801.1119029126213,t/km2
Robert P Johnson Grain Company,-90.201473,39.715563,MissppRN,12.981315990335178,8.654207913803017,8.920220362215009,5.946795988805441,86.37,0.0863707803779361,801.1119029126213,t/km2
Rock River Lumber & Grain Company,-89.9141,41.756286,MissppRN,12.981315990335178,8.654207913803017,8.920220362215009,5.946795988805441,14.35,0.014351571985266653,801.1119029126213,t/km2
Shore Sales CO Inc,-88.199166,40.140104,OhioR,92.37707185875328,61.58449252119268,63.49319404874961,42.32888875639857,56.52,0.056520776226016166,4843.018099999999,t/km2
Siemer Milling Company,-88.589866,39.059805,OhioR,92.37707185875328,61.58449252119268,63.49319404874961,42.32888875639857,82.35,0.0823489308695883,4843.018099999999,t/km2
Stanford Grain Company,-88.847333,40.490883,MissppRN,12.981315990335178,8.654207913803017,8.920220362215009,5.946795988805441,90.87,0.09086627572815968,801.1119029126213,t/km2
Top Ag Cooperative,-89.435552,38.88684,MissppRN,12.981315990335178,8.654207913803017,8.920220362215009,5.946795988805441,68.15,0.06815040238552147,801.1119029126213,t/km2
Top Flight Grain,-88.591112,40.010348,MissppRN,12.981315990335178,8.654207913803017,8.920220362215009,5.946795988805441,37.85,0.03785414891081509,801.1119029126213,t/km2
Tremont Cooperative Grain Company,-89.513424,40.507537,MissppRN,12.981315990335178,8.654207913803017,8.920220362215009,5.946795988805441,68.99,0.06899476139940386,801.1119029126213,t/km2
Tri Central Cooperative - Main Ofc,-87.824344,40.747251,MissppRN,12.981315990335178,8.654207913803017,8.920220362215009,5.946795988805441,50.31,0.050313356458682165,801.1119029126213,t/km2
Twomey Company,-90.615017,40.848824,MissppRN,12.981315990335178,8.654207913803017,8.920220362215009,5.946795988805441,24.95,0.024951227421398825,801.1119029126213,t/km2
Union Iron Works Inc,-88.961566,39.859997,MissppRN,12.981315990335178,8.654207913803017,8.920220362215009,5.946795988805441,6.92,0.006915584676355668,801.1119029126213,t/km2
US NATIONAL CONSTRUCTION,-87.816836,41.840134,MissppRN,12.981315990335178,8.654207913803017,8.920220362215009,5.946795988805441,21.41,0.02141171866809034,801.1119029126213,t/km2
Wesemann Feeds,-88.77032,41.893537,MissppRN,12.981315990335178,8.654207913803017,8.920220362215009,5.946795988805441,26.67,0.026673376823567928,801.1119029126213,t/km2
Bazooka-Farmstar Inc,-91.717867,41.335614,MissppRN,12.981315990335178,8.654207913803017,8.920220362215009,5.946795988805441,33.54,0.033537217429720434,801.1119029126213,t/km2
Buckingham Co-Operative Company,-92.532561,42.079818,MissppRN,12.981315990335178,8.654207913803017,8.920220362215009,5.946795988805441,75.67,0.07567441478612369,801.1119029126213,t/km2
Clinton Feed & Grain,-90.531972,41.898036,MissppRN,12.981315990335178,8.654207913803017,8.920220362215009,5.946795988805441,64.21,0.06420705475445064,801.1119029126213,t/km2
Dandea Enterprises Inc,-91.599033,42.078966,MissppRN,12.981315990335178,8.654207913803017,8.920220362215009,5.946795988805441,49.89,0.0498871211339739,801.1119029126213,t/km2
Dunkerton Cooperative,-92.308832,42.470098,MissppRN,12.981315990335178,8.654207913803017,8.920220362215009,5.946795988805441,78.77,0.0787668037738008,801.1119029126213,t/km2
East Central Iowa Cooperative,-92.308832,42.470098,MissppRN,12.981315990335178,8.654207913803017,8.920220362215009,5.946795988805441,35.07,0.03507459478063454,801.1119029126213,t/km2
East Central Iowa Cooperative,-91.837854,42.470814,MissppRN,12.981315990335178,8.654207913803017,8.920220362215009,5.946795988805441,81.91,0.08191000479654584,801.1119029126213,t/km2
Farmers Cooperative,-93.240405,42.383881,MissppRN,12.981315990335178,8.654207913803017,8.920220362215009,5.946795988805441,31.57,0.031566043869533364,801.1119029126213,t/km2
Farmers Elevator & Exchange,-91.259615,41.218528,MissppRN,12.981315990335178,8.654207913803017,8.920220362215009,5.946795988805441,70.69,0.07068708133207278,801.1119029126213,t/km2
Gold Eagle Cooperative,-94.206724,43.204203,MissppRN,12.981315990335178,8.654207913803017,8.920220362215009,5.946795988805441,85.38,0.08538288875466934,801.1119029126213,t/km2
Gold Eagle Cooperative,-93.735145,42.733092,MissppRN,12.981315990335178,8.654207913803017,8.920220362215009,5.946795988805441,92.81,0.09281370334525217,801.1119029126213,t/km2
Gold Eagle Cooperative,-94.207168,42.776468,MissppRN,12.981315990335178,8.654207913803017,8.920220362215009,5.946795988805441,2.72,0.002716519392096328,801.1119029126213,t/km2
Gold-Eagle Cooperative,-93.735145,42.733092,MissppRN,12.981315990335178,8.654207913803017,8.920220362215009,5.946795988805441,15.14,0.015144218832737033,801.1119029126213,t/km2
Heartland Cooperative,-93.573539,41.685507,MissppRN,12.981315990335178,8.654207913803017,8.920220362215009,5.946795988805441,64.42,0.06442437063839501,801.1119029126213,t/km2
JUHL Feed Store,-94.396842,42.036249,MissppRN,12.981315990335178,8.654207913803017,8.920220362215009,5.946795988805441,31.14,0.031141010317498007,801.1119029126213,t/km2
Liquid Grow Tri Oak,-91.259615,41.218528,MissppRN,12.981315990335178,8.654207913803017,8.920220362215009,5.946795988805441,36.68,0.03668335521897224,801.1119029126213,t/km2
North Central Cooperative,-93.735145,42.733092,MissppRN,12.981315990335178,8.654207913803017,8.920220362215009,5.946795988805441,27.91,0.027912730732466962,801.1119029126213,t/km2
Professional Cooperative,-94.640411,42.385193,MissppRN,12.981315990335178,8.654207913803017,8.920220362215009,5.946795988805441,63.32,0.06331690678377817,801.1119029126213,t/km2
Pruess Elevator Inc,-91.132438,41.772328,MissppRN,12.981315990335178,8.654207913803017,8.920220362215009,5.946795988805441,61.65,0.06165191302976843,801.1119029126213,t/km2
Quality AG Service,-92.869011,41.029803,MissppRN,12.981315990335178,8.654207913803017,8.920220362215009,5.946795988805441,56.02,0.056020754708449715,801.1119029126213,t/km2
Reiff Grain & Feed Inc,-91.948896,41.031777,MissppRN,12.981315990335178,8.654207913803017,8.920220362215009,5.946795988805441,62.68,0.06267618379550559,801.1119029126213,t/km2
Shellsburg Elevator,-92.06575,42.080194,MissppRN,12.981315990335178,8.654207913803017,8.920220362215009,5.946795988805441,35.09,0.035085699131505554,801.1119029126213,t/km2
State Line Cooperative Elevator,-94.206724,43.204203,MissppRN,12.981315990335178,8.654207913803017,8.920220362215009,5.946795988805441,7.97,0.007967700892542251,801.1119029126213,t/km2
Tama Benton Cooperative Company,-92.532561,42.079818,MissppRN,12.981315990335178,8.654207913803017,8.920220362215009,5.946795988805441,84.46,0.08445562877011228,801.1119029126213,t/km2
Tri-States Grain Conditioning,-95.150889,43.377919,MissouriR,15.168544262898235,10.112366918095205,9.92597602122952,6.617303417455714,65.06,0.06506362361059512,1487.0603636363635,t/km2
Agassiz Valley Grain,-96.490659,46.892358,NelsonR,32.5406214241704,21.69367087087808,19.713183241858044,13.142185635055982,42.61,0.04260635571447585,803.550304,t/km2
All American Cooperative,-92.401759,44.003767,MissppRN,12.981315990335178,8.654207913803017,8.920220362215009,5.946795988805441,92.03,0.0920274278976921,801.1119029126213,t/km2
All American Cooperative,-92.401759,44.003767,MissppRN,12.981315990335178,8.654207913803017,8.920220362215009,5.946795988805441,25.71,0.02570538450165889,801.1119029126213,t/km2
All-American Cooperative Viola,-92.401759,44.003767,MissppRN,12.981315990335178,8.654207913803017,8.920220362215009,5.946795988805441,15.92,0.015924360697306118,801.1119029126213,t/km2
Bellingham Fertilizer Plant,-96.173524,44.995482,MissppRN,12.981315990335178,8.654207913803017,8.920220362215009,5.946795988805441,51.02,0.05101633930721422,801.1119029126213,t/km2
Bird Island Bean Company,-94.947128,44.726822,MissppRN,12.981315990335178,8.654207913803017,8.920220362215009,5.946795988805441,35.4,0.035396813377094674,801.1119029126213,t/km2
C-W Valley Cooperative,-96.468335,46.357069,NelsonR,32.5406214241704,21.69367087087808,19.713183241858044,13.142185635055982,3.14,0.0031363091911349784,803.550304,t/km2
C-W Valley Cooperative - Comstock Elevator,-96.468335,46.357069,NelsonR,32.5406214241704,21.69367087087808,19.713183241858044,13.142185635055982,65.77,0.06576752679398697,803.550304,t/km2
Canby Farmers Grain Company,-95.868371,44.716256,MissppRN,12.981315990335178,8.654207913803017,8.920220362215009,5.946795988805441,22.16,0.022159637395521025,801.1119029126213,t/km2
Dawson Grain Cooperative,-96.173524,44.995482,MissppRN,12.981315990335178,8.654207913803017,8.920220362215009,5.946795988805441,86.27,0.08626654534100776,801.1119029126213,t/km2
Elbow Lake Cooperative Grain Company,-96.012183,45.934059,NelsonR,32.5406214241704,21.69367087087808,19.713183241858044,13.142185635055982,45.02,0.04501995117929516,803.550304,t/km2
Farm Service Elevator,-95.004726,45.152377,MissppRN,12.981315990335178,8.654207913803017,8.920220362215009,5.946795988805441,95.89,0.09588638959098507,801.1119029126213,t/km2
Farmers Cooperative of Hanska - Main Office - Hanska,-94.727601,44.242145,MissppRN,12.981315990335178,8.654207913803017,8.920220362215009,5.946795988805441,50.06,0.05006302751010931,801.1119029126213,t/km2
Farmers Mill & Elevator Inc,-93.065442,44.671878,MissppRN,12.981315990335178,8.654207913803017,8.920220362215009,5.946795988805441,54.87,0.05486634453891924,801.1119029126213,t/km2
Forsbergs Inc,-96.036709,48.06624,NelsonR,32.5406214241704,21.69367087087808,19.713183241858044,13.142185635055982,26.52,0.02651665842397869,803.550304,t/km2
Humboldt-St Vincent Elevator,-96.782876,48.776639,NelsonR,32.5406214241704,21.69367087087808,19.713183241858044,13.142185635055982,28.0,0.028002850042070926,803.550304,t/km2
K & S Millwrights Inc,-94.947128,44.726822,MissppRN,12.981315990335178,8.654207913803017,8.920220362215009,5.946795988805441,12.07,0.01206681614967232,801.1119029126213,t/km2
Munson Lakes Nutrition,-93.963063,45.173958,MissppRN,12.981315990335178,8.654207913803017,8.920220362215009,5.946795988805441,3.0,0.0029966196551120096,801.1119029126213,t/km2
Prairie Grain Partners LLC,-95.868371,44.716256,MissppRN,12.981315990335178,8.654207913803017,8.920220362215009,5.946795988805441,25.12,0.025120691229951163,801.1119029126213,t/km2
Prairie Lakes Cooperative Elevator,-95.444511,45.586009,MissppRN,12.981315990335178,8.654207913803017,8.920220362215009,5.946795988805441,29.7,0.02969675255394468,801.1119029126213,t/km2
Prinsburg Farmers Cooperative,-95.004726,45.152377,MissppRN,12.981315990335178,8.654207913803017,8.920220362215009,5.946795988805441,13.36,0.013356630712880202,801.1119029126213,t/km2
Profile Industries Inc,-93.476896,45.004583,MissppRN,12.981315990335178,8.654207913803017,8.920220362215009,5.946795988805441,61.32,0.06132230449740852,801.1119029126213,t/km2
Rapat Corporation,-96.490659,46.892358,NelsonR,32.5406214241704,21.69367087087808,19.713183241858044,13.142185635055982,26.98,0.02697728276219836,803.550304,t/km2
Red River Grain Company,-96.468335,46.357069,NelsonR,32.5406214241704,21.69367087087808,19.713183241858044,13.142185635055982,32.74,0.0327387376258891,803.550304,t/km2
River Region Cooperative - Main Office,-94.727601,44.242145,MissppRN,12.981315990335178,8.654207913803017,8.920220362215009,5.946795988805441,97.85,0.09784535180287787,801.1119029126213,t/km2
South Central Grain & Energy,-94.947128,44.726822,MissppRN,12.981315990335178,8.654207913803017,8.920220362215009,5.946795988805441,92.88,0.09287613788988561,801.1119029126213,t/km2
UAS Service Corporation,-96.490659,46.892358,NelsonR,32.5406214241704,21.69367087087808,19.713183241858044,13.142185635055982,58.28,0.05827506722173921,803.550304,t/km2
Van AHN & CO Inc,-95.453537,45.933732,MissppRN,12.981315990335178,8.654207913803017,8.920220362215009,5.946795988805441,84.25,0.08424913977902773,801.1119029126213,t/km2
Waconia Manufacturing,-93.802607,44.820798,MissppRN,12.981315990335178,8.654207913803017,8.920220362215009,5.946795988805441,10.24,0.010243169501578863,801.1119029126213,t/km2
Western Consolidated Cooperative,-95.681449,45.282694,MissppRN,12.981315990335178,8.654207913803017,8.920220362215009,5.946795988805441,29.91,0.02991362506266153,801.1119029126213,t/km2
Boyd Grain Inc,-87.07205,38.702413,OhioR,92.37707185875328,61.58449252119268,63.49319404874961,42.32888875639857,17.72,0.017719040152120023,4843.018099999999,t/km2
Riley Equipment Inc,-87.41803,38.689077,OhioR,92.37707185875328,61.58449252119268,63.49319404874961,42.32888875639857,31.18,0.031177368176947308,4843.018099999999,t/km2
Agrex Inc,-98.047196,40.176396,MissouriR,15.168544262898235,10.112366918095205,9.92597602122952,6.617303417455714,34.95,0.03494703864689088,1487.0603636363635,t/km2
Batterton Waterproofing Inc,-97.597126,40.872749,MissouriR,15.168544262898235,10.112366918095205,9.92597602122952,6.617303417455714,16.8,0.016798807251815727,1487.0603636363635,t/km2
Central Valley AG,-96.654014,41.577912,MissouriR,15.168544262898235,10.112366918095205,9.92597602122952,6.617303417455714,80.69,0.08068716965059913,1487.0603636363635,t/km2
Cooperative Supply,-97.086476,41.574018,MissouriR,15.168544262898235,10.112366918095205,9.92597602122952,6.617303417455714,23.34,0.02333961701682057,1487.0603636363635,t/km2
Cooperative Supply Inc,-96.654014,41.577912,MissouriR,15.168544262898235,10.112366918095205,9.92597602122952,6.617303417455714,81.0,0.08099564521946274,1487.0603636363635,t/km2
Cooperative Supply Inc,-96.654014,41.577912,MissouriR,15.168544262898235,10.112366918095205,9.92597602122952,6.617303417455714,67.74,0.06773836854566993,1487.0603636363635,t/km2
Country Partners Cooperative,-98.067249,41.706791,MissouriR,15.168544262898235,10.112366918095205,9.92597602122952,6.617303417455714,60.17,0.0601703792733693,1487.0603636363635,t/km2
Country Partners Cooperative Company,-98.067249,41.706791,MissouriR,15.168544262898235,10.112366918095205,9.92597602122952,6.617303417455714,58.19,0.058185307620200785,1487.0603636363635,t/km2
Crossroads Cooperative Association,-102.994967,41.219774,MissouriR,15.168544262898235,10.112366918095205,9.92597602122952,6.617303417455714,98.74,0.0987395051433751,1487.0603636363635,t/km2
Crossroads Cooperative Association,-102.994967,41.219774,MissouriR,15.168544262898235,10.112366918095205,9.92597602122952,6.617303417455714,9.45,0.00944992361951541,1487.0603636363635,t/km2
CTEC Inc,-97.597126,40.872749,MissouriR,15.168544262898235,10.112366918095205,9.92597602122952,6.617303417455714,54.19,0.05419303112814465,1487.0603636363635,t/km2
Grain States Soya Inc,-96.787394,41.916406,MissouriR,15.168544262898235,10.112366918095205,9.92597602122952,6.617303417455714,15.7,0.01570047012919118,1487.0603636363635,t/km2
J E Meuret Grain Company,-98.066694,42.176915,MissouriR,15.168544262898235,10.112366918095205,9.92597602122952,6.617303417455714,53.84,0.05384121194424378,1487.0603636363635,t/km2
Kaapa Ethanol LLC,-98.948023,40.50671,MissouriR,15.168544262898235,10.112366918095205,9.92597602122952,6.617303417455714,95.73,0.09573227242175093,1487.0603636363635,t/km2
Kaapa Grains,-99.074987,40.855162,MissouriR,15.168544262898235,10.112366918095205,9.92597602122952,6.617303417455714,59.82,0.05981871695418831,1487.0603636363635,t/km2
Midwest Farmers Cooperative,-96.140884,40.909719,MissouriR,15.168544262898235,10.112366918095205,9.92597602122952,6.617303417455714,34.7,0.0346976205102969,1487.0603636363635,t/km2
Pride Grain,-99.92951,42.430005,MissouriR,15.168544262898235,10.112366918095205,9.92597602122952,6.617303417455714,70.18,0.07018467899180107,1487.0603636363635,t/km2
Shickley Grain CO Inc,-97.596508,40.524664,MissouriR,15.168544262898235,10.112366918095205,9.92597602122952,6.617303417455714,62.72,0.06272387051905486,1487.0603636363635,t/km2
Andersons Investment Service,-83.658294,41.61992,GreatLakes,102.38826197026279,68.25876837596944,70.35968670328805,46.90645828545162,34.74,0.0347370012503138,2847.4476250000002,t/km2
Creamer Metal Products Inc,-83.400207,39.894025,OhioR,92.37707185875328,61.58449252119268,63.49319404874961,42.32888875639857,63.7,0.06369722910033374,4843.018099999999,t/km2
Deerfield Farms Service,-81.197405,41.167681,OhioR,92.37707185875328,61.58449252119268,63.49319404874961,42.32888875639857,94.05,0.09404851816128443,4843.018099999999,t/km2
Elgin Service Center,-84.588163,41.560323,GreatLakes,102.38826197026279,68.25876837596944,70.35968670328805,46.90645828545162,74.1,0.07410148693577114,2847.4476250000002,t/km2
Farmers Elevator Grain & SUPL,-84.068235,41.333886,GreatLakes,102.38826197026279,68.25876837596944,70.35968670328805,46.90645828545162,14.21,0.014213430369068959,2847.4476250000002,t/km2
Gerald Grain Center,-84.068235,41.333886,GreatLakes,102.38826197026279,68.25876837596944,70.35968670328805,46.90645828545162,7.46,0.00746333230556695,2847.4476250000002,t/km2
Hicksville Grain Company,-84.49048,41.323924,GreatLakes,102.38826197026279,68.25876837596944,70.35968670328805,46.90645828545162,76.97,0.07696679594306254,2847.4476250000002,t/km2
Jewell Grain Company,-84.49048,41.323924,GreatLakes,102.38826197026279,68.25876837596944,70.35968670328805,46.90645828545162,49.6,0.04960207376502405,2847.4476250000002,t/km2
Keller Grain & Feed Inc,-84.619409,40.133276,OhioR,92.37707185875328,61.58449252119268,63.49319404874961,42.32888875639857,73.73,0.07372660628741783,4843.018099999999,t/km2
Pandora Grain & Supply,-84.131732,41.022129,GreatLakes,102.38826197026279,68.25876837596944,70.35968670328805,46.90645828545162,22.64,0.02263912023590232,2847.4476250000002,t/km2
Scott Equity Exchange,-84.586121,40.855415,GreatLakes,102.38826197026279,68.25876837596944,70.35968670328805,46.90645828545162,60.93,0.06092756917242572,2847.4476250000002,t/km2
Bewley ConStruction LLC,-93.188865,36.969576,ArkWhtRedR,25.303595554587055,16.868946306563913,16.8228562044774,11.215187544030103,28.82,0.02881801291409113,457.4353846153846,t/km2
Butterfield & Associates Grain Inc,-93.107206,39.87021,MissouriR,15.168544262898235,10.112366918095205,9.92597602122952,6.617303417455714,66.05,0.06605407035500996,1487.0603636363635,t/km2
Cameron Cooperative Elevator Association - Mill & Office,-94.404592,39.60178,MissouriR,15.168544262898235,10.112366918095205,9.92597602122952,6.617303417455714,17.16,0.017156622647407214,1487.0603636363635,t/km2
"Capital Electric Line Builders, Inc.",-94.773824,39.3803,MissouriR,15.168544262898235,10.112366918095205,9.92597602122952,6.617303417455714,59.53,0.059528639529883576,1487.0603636363635,t/km2
Centric Projects LLC,-94.346142,39.00848,MissouriR,15.168544262898235,10.112366918095205,9.92597602122952,6.617303417455714,58.28,0.05828115742466507,1487.0603636363635,t/km2
Feed Products & Service Co,-90.443353,38.640542,MissppRN,12.981315990335178,8.654207913803017,8.920220362215009,5.946795988805441,24.03,0.02403145389098037,801.1119029126213,t/km2
Glasgow MFA Agri Service,-92.69628,39.142508,MissouriR,15.168544262898235,10.112366918095205,9.92597602122952,6.617303417455714,43.12,0.04312189533486248,1487.0603636363635,t/km2
Home Matters Alliance LLC,-90.443353,38.640542,MissppRN,12.981315990335178,8.654207913803017,8.920220362215009,5.946795988805441,82.61,0.0826054695582086,801.1119029126213,t/km2
Infinite Energy Construction,-94.346142,39.00848,MissouriR,15.168544262898235,10.112366918095205,9.92597602122952,6.617303417455714,82.66,0.08266465499939042,1487.0603636363635,t/km2
K C Supply CO Inc,-94.346142,39.00848,MissouriR,15.168544262898235,10.112366918095205,9.92597602122952,6.617303417455714,89.44,0.08944462720032667,1487.0603636363635,t/km2
Lawson Agri Service,-93.989931,39.352393,MissouriR,15.168544262898235,10.112366918095205,9.92597602122952,6.617303417455714,78.11,0.07810514423098874,1487.0603636363635,t/km2
MFA Agri Svc-Lexington,-93.78551,39.065561,MissouriR,15.168544262898235,10.112366918095205,9.92597602122952,6.617303417455714,34.46,0.03445652832165771,1487.0603636363635,t/km2
Mill & Elevator Supply CO Inc,-94.346142,39.00848,MissouriR,15.168544262898235,10.112366918095205,9.92597602122952,6.617303417455714,84.67,0.08466725830163224,1487.0603636363635,t/km2
Pilot Grove Cooperative Elevator,-92.810115,38.843552,MissouriR,15.168544262898235,10.112366918095205,9.92597602122952,6.617303417455714,4.64,0.004643987990903153,1487.0603636363635,t/km2
Robertson Construction Inc,-90.674882,38.781931,MissppRN,12.981315990335178,8.654207913803017,8.920220362215009,5.946795988805441,48.96,0.048960904008166176,801.1119029126213,t/km2
Seed & Farm Supply,-94.347133,37.502328,ArkWhtRedR,25.303595554587055,16.868946306563913,16.8228562044774,11.215187544030103,78.49,0.07848649586007331,457.4353846153846,t/km2
Twin Peaks Contracting Inc,-90.443353,38.640542,MissppRN,12.981315990335178,8.654207913803017,8.920220362215009,5.946795988805441,38.85,0.0388486184438368,801.1119029126213,t/km2
Unerstall Construction,-91.075037,38.411127,MissppRN,12.981315990335178,8.654207913803017,8.920220362215009,5.946795988805441,52.11,0.05211035125579037,801.1119029126213,t/km2
Whitley Construction Co LLC,-94.346142,39.00848,MissouriR,15.168544262898235,10.112366918095205,9.92597602122952,6.617303417455714,5.45,0.005448428942031525,1487.0603636363635,t/km2
Agassiz Seeds,-97.248056,46.932983,NelsonR,32.5406214241704,21.69367087087808,19.713183241858044,13.142185635055982,98.3,0.09829931516832971,803.550304,t/km2
Alton Grain Terminal,-97.16162,47.454188,NelsonR,32.5406214241704,21.69367087087808,19.713183241858044,13.142185635055982,23.61,0.02361019425097899,803.550304,t/km2
Bottineau Farmers Elevator,-100.83333,48.792187,NelsonR,32.5406214241704,21.69367087087808,19.713183241858044,13.142185635055982,12.16,0.01216464822312977,803.550304,t/km2
Cando Farmers Grain & Oil Cooperative - Elevator,-99.24579,48.685548,NelsonR,32.5406214241704,21.69367087087808,19.713183241858044,13.142185635055982,84.08,0.08407871883155184,803.550304,t/km2
Central Valley Bean Cooperative,-97.16162,47.454188,NelsonR,32.5406214241704,21.69367087087808,19.713183241858044,13.142185635055982,14.04,0.014038021704469772,803.550304,t/km2
Dakota Dry Bean Inc,-98.720131,48.268944,NelsonR,32.5406214241704,21.69367087087808,19.713183241858044,13.142185635055982,13.08,0.013077844715217469,803.550304,t/km2
Effertz Key Ranch Inc,-100.63629,48.234577,NelsonR,32.5406214241704,21.69367087087808,19.713183241858044,13.142185635055982,32.7,0.032697054756180385,803.550304,t/km2
Farmers Union Elevator,-101.281173,46.71607,MissouriR,15.168544262898235,10.112366918095205,9.92597602122952,6.617303417455714,60.87,0.060868977836728275,1487.0603636363635,t/km2
Finley Farmers Grain Company,-97.724708,47.456175,NelsonR,32.5406214241704,21.69367087087808,19.713183241858044,13.142185635055982,99.78,0.09977599421758285,803.550304,t/km2
Fordville CO Op Marketing Association,-97.721355,48.369474,NelsonR,32.5406214241704,21.69367087087808,19.713183241858044,13.142185635055982,68.26,0.06826487454187617,803.550304,t/km2
Gutter Topper OF North Dakota,-101.321866,47.60697,MissouriR,15.168544262898235,10.112366918095205,9.92597602122952,6.617303417455714,33.96,0.033962113826273045,1487.0603636363635,t/km2
Harvey Farmers Elevator,-99.660984,47.587531,MissouriR,15.168544262898235,10.112366918095205,9.92597602122952,6.617303417455714,68.97,0.06897372138420989,1487.0603636363635,t/km2
James Valley Grain,-98.504678,46.110186,MissouriR,15.168544262898235,10.112366918095205,9.92597602122952,6.617303417455714,44.74,0.04473665235876388,1487.0603636363635,t/km2
Lorrich Industries Inc,-97.551857,48.767508,NelsonR,32.5406214241704,21.69367087087808,19.713183241858044,13.142185635055982,62.75,0.062750990780142,803.550304,t/km2
Maple River Grain & Agronomy,-97.248056,46.932983,NelsonR,32.5406214241704,21.69367087087808,19.713183241858044,13.142185635055982,46.36,0.0463633453501985,803.550304,t/km2
Martin Construction Inc,-102.65513,46.810691,MissouriR,15.168544262898235,10.112366918095205,9.92597602122952,6.617303417455714,84.79,0.08479176919838213,1487.0603636363635,t/km2
Mayport Farmers Cooperative,-97.16162,47.454188,NelsonR,32.5406214241704,21.69367087087808,19.713183241858044,13.142185635055982,95.66,0.095661231245945,803.550304,t/km2
Powers Lake Elevator Company,-102.518309,48.791005,NelsonR,32.5406214241704,21.69367087087808,19.713183241858044,13.142185635055982,99.87,0.0998748005446917,803.550304,t/km2
Reynolds United Cooperative,-97.456983,47.921919,NelsonR,32.5406214241704,21.69367087087808,19.713183241858044,13.142185635055982,33.23,0.03322630784346131,803.550304,t/km2
Reynolds United Cooperative,-97.16162,47.454188,NelsonR,32.5406214241704,21.69367087087808,19.713183241858044,13.142185635055982,28.69,0.02868737837953831,803.550304,t/km2
South Central Grain,-99.477433,46.457363,MissouriR,15.168544262898235,10.112366918095205,9.92597602122952,6.617303417455714,68.05,0.06805204358462054,1487.0603636363635,t/km2
Wanzek Construction Inc,-97.248056,46.932983,NelsonR,32.5406214241704,21.69367087087808,19.713183241858044,13.142185635055982,67.31,0.0673076540367494,803.550304,t/km2
Woody's Feed & Grain,-102.65513,46.810691,MissouriR,15.168544262898235,10.112366918095205,9.92597602122952,6.617303417455714,64.43,0.06443193375904918,1487.0603636363635,t/km2
A G Partners Cooperative Inc,-95.564215,39.826495,MissouriR,15.168544262898235,10.112366918095205,9.92597602122952,6.617303417455714,0.14,0.0001425779323391496,1487.0603636363635,t/km2
Agmark,-98.209378,39.393273,MissouriR,15.168544262898235,10.112366918095205,9.92597602122952,6.617303417455714,83.03,0.08303133342635295,1487.0603636363635,t/km2
"Beachner Grain Inc - Elevator, St Paul Elevator",-95.306802,37.558502,ArkWhtRedR,25.303595554587055,16.868946306563913,16.8228562044774,11.215187544030103,80.55,0.0805479930491111,457.4353846153846,t/km2
Continental Agra Grain Equipment,-97.427241,38.04322,ArkWhtRedR,25.303595554587055,16.868946306563913,16.8228562044774,11.215187544030103,40.29,0.0402929565277357,457.4353846153846,t/km2
Cooperative Elevator & Supply Company,-100.36626,37.238138,ArkWhtRedR,25.303595554587055,16.868946306563913,16.8228562044774,11.215187544030103,25.78,0.025783239328850828,457.4353846153846,t/km2
Cornerstone Agency LLC,-101.05557,39.350924,MissouriR,15.168544262898235,10.112366918095205,9.92597602122952,6.617303417455714,59.68,0.05967749993288022,1487.0603636363635,t/km2
Countryside Feed LLC,-97.096895,38.358874,ArkWhtRedR,25.303595554587055,16.868946306563913,16.8228562044774,11.215187544030103,11.34,0.01133735539608135,457.4353846153846,t/km2
Delphos Cooperative Association Elevator,-97.65022,39.132538,MissouriR,15.168544262898235,10.112366918095205,9.92597602122952,6.617303417455714,46.34,0.04633714625460644,1487.0603636363635,t/km2
Diversified Inc.,-94.822324,38.883773,MissouriR,15.168544262898235,10.112366918095205,9.92597602122952,6.617303417455714,96.51,0.0965140585504403,1487.0603636363635,t/km2
Farmers CO Op Elevator,-97.460993,37.684775,ArkWhtRedR,25.303595554587055,16.868946306563913,16.8228562044774,11.215187544030103,82.68,0.08267898305786182,457.4353846153846,t/km2
Farmers Cooperative,-97.460993,37.684775,ArkWhtRedR,25.303595554587055,16.868946306563913,16.8228562044774,11.215187544030103,47.89,0.04789232845393917,457.4353846153846,t/km2
Farmers Cooperative Elevator,-97.427241,38.04322,ArkWhtRedR,25.303595554587055,16.868946306563913,16.8228562044774,11.215187544030103,1.53,0.0015326651856893414,457.4353846153846,t/km2
Fowler Equity EXCH FERT Department,-100.36626,37.238138,ArkWhtRedR,25.303595554587055,16.868946306563913,16.8228562044774,11.215187544030103,18.59,0.018593051466263954,457.4353846153846,t/km2
Golden Belt Cooperative Association Inc,-99.317275,38.91474,MissouriR,15.168544262898235,10.112366918095205,9.92597602122952,6.617303417455714,66.54,0.06654022225967536,1487.0603636363635,t/km2
Heartland Mills Inc,-101.347393,38.48206,ArkWhtRedR,25.303595554587055,16.868946306563913,16.8228562044774,11.215187544030103,43.12,0.043119202095470065,457.4353846153846,t/km2
Hi-Plains Cooperative Association Inc,-101.05557,39.350924,MissouriR,15.168544262898235,10.112366918095205,9.92597602122952,6.617303417455714,95.69,0.09569198550963116,1487.0603636363635,t/km2
Johnson Cooperative Grain Company,-101.784226,37.563011,ArkWhtRedR,25.303595554587055,16.868946306563913,16.8228562044774,11.215187544030103,87.31,0.08730712509075217,457.4353846153846,t/km2
L Conat Construction,-99.887965,37.691724,ArkWhtRedR,25.303595554587055,16.868946306563913,16.8228562044774,11.215187544030103,25.81,0.025811887113816833,457.4353846153846,t/km2
Lighthouse Renovation & Repair,-94.822324,38.883773,MissouriR,15.168544262898235,10.112366918095205,9.92597602122952,6.617303417455714,51.5,0.05149920297514844,1487.0603636363635,t/km2
Mc Cune Farmers Cooperative Association,-94.851823,37.507323,ArkWhtRedR,25.303595554587055,16.868946306563913,16.8228562044774,11.215187544030103,0.04,3.516748978941164e-05,457.4353846153846,t/km2
Mc Donald Commodities,-94.822324,38.883773,MissouriR,15.168544262898235,10.112366918095205,9.92597602122952,6.617303417455714,9.33,0.009325115203212631,1487.0603636363635,t/km2
Meade Cooperative South,-100.36626,37.238138,ArkWhtRedR,25.303595554587055,16.868946306563913,16.8228562044774,11.215187544030103,93.05,0.09305270479252956,457.4353846153846,t/km2
MGP Ingredients Inc,-95.313495,39.531759,MissouriR,15.168544262898235,10.112366918095205,9.92597602122952,6.617303417455714,68.65,0.06864937470803592,1487.0603636363635,t/km2
Mid Continent Industries,-97.427241,38.04322,ArkWhtRedR,25.303595554587055,16.868946306563913,16.8228562044774,11.215187544030103,80.76,0.08075582994840194,457.4353846153846,t/km2
Minneola Cooperative Inc,-99.820313,37.235519,ArkWhtRedR,25.303595554587055,16.868946306563913,16.8228562044774,11.215187544030103,45.55,0.04554991461497378,457.4353846153846,t/km2
OK Company Op Grain Company,-98.684831,37.228866,ArkWhtRedR,25.303595554587055,16.868946306563913,16.8228562044774,11.215187544030103,24.27,0.024268461286831765,457.4353846153846,t/km2
Opp Concrete,-97.460993,37.684775,ArkWhtRedR,25.303595554587055,16.868946306563913,16.8228562044774,11.215187544030103,46.31,0.046313608426280815,457.4353846153846,t/km2
Pawnee County Cooperative Association,-99.236731,38.181331,ArkWhtRedR,25.303595554587055,16.868946306563913,16.8228562044774,11.215187544030103,27.12,0.027123522636523078,457.4353846153846,t/km2
Premier Construction Service Inc,-97.460993,37.684775,ArkWhtRedR,25.303595554587055,16.868946306563913,16.8228562044774,11.215187544030103,7.12,0.007121494948312402,457.4353846153846,t/km2
Pro-Ag Marketing,-98.785478,39.785174,MissouriR,15.168544262898235,10.112366918095205,9.92597602122952,6.617303417455714,21.94,0.0219356633331834,1487.0603636363635,t/km2
Sherwood Construction Co Inc,-97.460993,37.684775,ArkWhtRedR,25.303595554587055,16.868946306563913,16.8228562044774,11.215187544030103,62.5,0.06249973385609825,457.4353846153846,t/km2
Southern Plains Cooperative,-99.312166,37.887621,ArkWhtRedR,25.303595554587055,16.868946306563913,16.8228562044774,11.215187544030103,55.34,0.05534121504357631,457.4353846153846,t/km2
Stafford County Flour Mills,-98.717434,38.030988,ArkWhtRedR,25.303595554587055,16.868946306563913,16.8228562044774,11.215187544030103,22.72,0.02271514500210604,457.4353846153846,t/km2
Steinlite Corporation,-95.313495,39.531759,MissouriR,15.168544262898235,10.112366918095205,9.92597602122952,6.617303417455714,61.81,0.061809804230508913,1487.0603636363635,t/km2
United Prairie Agency LLC,-101.319892,38.000239,ArkWhtRedR,25.303595554587055,16.868946306563913,16.8228562044774,11.215187544030103,66.15,0.06614818520293783,457.4353846153846,t/km2
Wildcat Construction Co Inc,-97.460993,37.684775,ArkWhtRedR,25.303595554587055,16.868946306563913,16.8228562044774,11.215187544030103,42.19,0.04219320247203519,457.4353846153846,t/km2
Woofter Construction & Irrigation,-101.05557,39.350924,MissouriR,15.168544262898235,10.112366918095205,9.92597602122952,6.617303417455714,16.35,0.016353896437206104,1487.0603636363635,t/km2
Dakota Plains AG Center,-97.754432,43.334873,MissouriR,15.168544262898235,10.112366918095205,9.92597602122952,6.617303417455714,29.15,0.029151836578060884,1487.0603636363635,t/km2
Farmers Cooperative Elevator,-96.946107,45.629576,MissppRN,12.981315990335178,8.654207913803017,8.920220362215009,5.946795988805441,17.1,0.017102812561559412,801.1119029126213,t/km2
Harrold Grain Co LLC,-99.996019,44.389027,MissouriR,15.168544262898235,10.112366918095205,9.92597602122952,6.617303417455714,6.36,0.006357698338820117,1487.0603636363635,t/km2
Madison Farmers Elevator Company,-97.129366,44.022065,MissouriR,15.168544262898235,10.112366918095205,9.92597602122952,6.617303417455714,0.65,0.0006504059961968788,1487.0603636363635,t/km2
Southeast Farmers Elevator,-96.656035,42.832582,MissouriR,15.168544262898235,10.112366918095205,9.92597602122952,6.617303417455714,57.02,0.05702061519937458,1487.0603636363635,t/km2
